2026-08-20 23:27:00,2026-08-21 00:27:00,India,Total emissions,162180.984375,prediction
2026-08-20 23:27:00,2026-08-21 01:27:00,India,Total emissions,162143.125,prediction
2026-08-20 23:27:00,2026-08-21 02:27:00,India,Total emissions,162065.8125,prediction
2026-08-20 23:27:00,2026-08-21 03:27:00,India,Total emissions,162225.96875,prediction
2026-08-20 23:27:00,2026-08-21 04:27:00,India,Total emissions,162268.1875,prediction
2026-08-20 23:27:00,2026-08-21 05:27:00,India,Total emissions,162051.796875,prediction
2026-08-20 23:27:00,2026-08-21 06:27:00,India,Total emissions,162259.25,prediction
2026-08-20 23:27:00,2026-08-21 07:27:00,India,Total emissions,162223.28125,prediction
2026-08-20 23:27:00,2026-08-21 08:27:00,India,Total emissions,162085.984375,prediction
2026-08-20 23:27:00,2026-08-21 09:27:00,India,Total emissions,162169.28125,prediction
2026-08-20 23:27:00,2026-08-21 10:27:00,India,Total emissions,162031.46875,prediction
2026-08-20 23:27:00,2026-08-21 11:27:00,India,Total emissions,162054.921875,prediction
2026-08-20 23:27:00,2026-08-21 12:27:00,India,Total emissions,161889.765625,prediction
2026-08-20 23:27:00,2026-08-21 13:27:00,India,Total emissions,162125.828125,prediction
2026-08-20 23:27:00,2026-08-21 14:27:00,India,Total emissions,161961.609375,prediction
2026-08-20 23:27:00,2026-08-21 15:27:00,India,Total emissions,162246.21875,prediction
2026-08-20 23:27:00,2026-08-21 16:27:00,India,Total emissions,162228.828125,prediction
2026-08-20 23:27:00,2026-08-21 17:27:00,India,Total emissions,162052.953125,prediction
2026-08-20 23:27:00,2026-08-21 18:27:00,India,Total emissions,161701.59375,prediction
2026-08-20 23:27:00,2026-08-21 19:27:00,India,Total emissions,162053.03125,prediction
2026-08-20 23:27:00,2026-08-21 20:27:00,India,Total emissions,161984.4375,prediction
2026-08-20 23:27:00,2026-08-21 21:27:00,India,Total emissions,162157.109375,prediction
2026-08-20 23:27:00,2026-08-21 22:27:00,India,Total emissions,162395.328125,prediction
2026-08-20 23:27:00,2026-08-21 23:27:00,India,Total emissions,161817.625,prediction
2026-08-20 23:27:00,2026-08-21 00:27:00,India,Total emissions,162180.984375,prediction
2026-08-20 23:27:00,2026-08-21 01:27:00,India,Total emissions,162143.125,prediction
2026-08-20 23:27:00,2026-08-21 02:27:00,India,Total emissions,162065.8125,prediction
2026-08-20 23:27:00,2026-08-21 03:27:00,India,Total emissions,162225.96875,prediction
2026-08-20 23:27:00,2026-08-21 04:27:00,India,Total emissions,162268.1875,prediction
2026-08-20 23:27:00,2026-08-21 05:27:00,India,Total emissions,162051.796875,prediction
2026-08-20 23:27:00,2026-08-21 06:27:00,India,Total emissions,162259.25,prediction
2026-08-20 23:27:00,2026-08-21 07:27:00,India,Total emissions,162223.28125,prediction
2026-08-20 23:27:00,2026-08-21 08:27:00,India,Total emissions,162085.984375,prediction
2026-08-20 23:27:00,2026-08-21 09:27:00,India,Total emissions,162169.28125,prediction
2026-08-20 23:27:00,2026-08-21 10:27:00,India,Total emissions,162031.46875,prediction
2026-08-20 23:27:00,2026-08-21 11:27:00,India,Total emissions,162054.921875,prediction
2026-08-20 23:27:00,2026-08-21 12:27:00,India,Total emissions,161889.765625,prediction
2026-08-20 23:27:00,2026-08-21 13:27:00,India,Total emissions,162125.828125,prediction
2026-08-20 23:27:00,2026-08-21 14:27:00,India,Total emissions,161961.609375,prediction
2026-08-20 23:27:00,2026-08-21 15:27:00,India,Total emissions,162246.21875,prediction
2026-08-20 23:27:00,2026-08-21 16:27:00,India,Total emissions,162228.828125,prediction
2026-08-20 23:27:00,2026-08-21 17:27:00,India,Total emissions,162052.953125,prediction
2026-08-20 23:27:00,2026-08-21 18:27:00,India,Total emissions,161701.59375,prediction
2026-08-20 23:27:00,2026-08-21 19:27:00,India,Total emissions,162053.03125,prediction
2026-08-20 23:27:00,2026-08-21 20:27:00,India,Total emissions,161984.4375,prediction
2026-08-20 23:27:00,2026-08-21 21:27:00,India,Total emissions,162157.109375,prediction
2026-08-20 23:27:00,2026-08-21 22:27:00,India,Total emissions,162395.328125,prediction
2026-08-20 23:27:00,2026-08-21 23:27:00,India,Total emissions,161817.625,prediction
2026-08-20 23:27:00,2026-08-21 00:27:00,India,Total emissions,162180.984375,prediction
2026-08-20 23:27:00,2026-08-21 01:27:00,India,Total emissions,162143.125,prediction
2026-08-20 23:27:00,2026-08-21 02:27:00,India,Total emissions,162065.8125,prediction
2026-08-20 23:27:00,2026-08-21 03:27:00,India,Total emissions,162225.96875,prediction
2026-08-20 23:27:00,2026-08-21 04:27:00,India,Total emissions,162268.1875,prediction
2026-08-20 23:27:00,2026-08-21 05:27:00,India,Total emissions,162051.796875,prediction
2026-08-20 23:27:00,2026-08-21 06:27:00,India,Total emissions,162259.25,prediction
2026-08-20 23:27:00,2026-08-21 07:27:00,India,Total emissions,162223.28125,prediction
2026-08-20 23:27:00,2026-08-21 08:27:00,India,Total emissions,162085.984375,prediction
2026-08-20 23:27:00,2026-08-21 09:27:00,India,Total emissions,162169.28125,prediction
2026-08-20 23:27:00,2026-08-21 10:27:00,India,Total emissions,162031.46875,prediction
2026-08-20 23:27:00,2026-08-21 11:27:00,India,Total emissions,162054.921875,prediction
2026-08-20 23:27:00,2026-08-21 12:27:00,India,Total emissions,161889.765625,prediction
2026-08-20 23:27:00,2026-08-21 13:27:00,India,Total emissions,162125.828125,prediction
2026-08-20 23:27:00,2026-08-21 14:27:00,India,Total emissions,161961.609375,prediction
2026-08-20 23:27:00,2026-08-21 15:27:00,India,Total emissions,162246.21875,prediction
2026-08-20 23:27:00,2026-08-21 16:27:00,India,Total emissions,162228.828125,prediction
2026-08-20 23:27:00,2026-08-21 17:27:00,India,Total emissions,162052.953125,prediction
2026-08-20 23:27:00,2026-08-21 18:27:00,India,Total emissions,161701.59375,prediction
2026-08-20 23:27:00,2026-08-21 19:27:00,India,Total emissions,162053.03125,prediction
2026-08-20 23:27:00,2026-08-21 20:27:00,India,Total emissions,161984.4375,prediction
2026-08-20 23:27:00,2026-08-21 21:27:00,India,Total emissions,162157.109375,prediction
2026-08-20 23:27:00,2026-08-21 22:27:00,India,Total emissions,162395.328125,prediction
2026-08-20 23:27:00,2026-08-21 23:27:00,India,Total emissions,161817.625,prediction
2026-08-20 23:29:00,2026-08-21 00:29:00,India,Total emissions,162180.984375,prediction
2026-08-20 23:29:00,2026-08-21 01:29:00,India,Total emissions,162143.125,prediction
2026-08-20 23:29:00,2026-08-21 02:29:00,India,Total emissions,162065.8125,prediction
2026-08-20 23:29:00,2026-08-21 03:29:00,India,Total emissions,162225.96875,prediction
2026-08-20 23:29:00,2026-08-21 04:29:00,India,Total emissions,162268.1875,prediction
2026-08-20 23:29:00,2026-08-21 05:29:00,India,Total emissions,162051.796875,prediction
2026-08-20 23:29:00,2026-08-21 06:29:00,India,Total emissions,162259.25,prediction
2026-08-20 23:29:00,2026-08-21 07:29:00,India,Total emissions,162223.28125,prediction
2026-08-20 23:29:00,2026-08-21 08:29:00,India,Total emissions,162085.984375,prediction
2026-08-20 23:29:00,2026-08-21 09:29:00,India,Total emissions,162169.28125,prediction
2026-08-20 23:29:00,2026-08-21 10:29:00,India,Total emissions,162031.46875,prediction
2026-08-20 23:29:00,2026-08-21 11:29:00,India,Total emissions,162054.921875,prediction
2026-08-20 23:29:00,2026-08-21 12:29:00,India,Total emissions,161889.765625,prediction
2026-08-20 23:29:00,2026-08-21 13:29:00,India,Total emissions,162125.828125,prediction
2026-08-20 23:29:00,2026-08-21 14:29:00,India,Total emissions,161961.609375,prediction
2026-08-20 23:29:00,2026-08-21 15:29:00,India,Total emissions,162246.21875,prediction
2026-08-20 23:29:00,2026-08-21 16:29:00,India,Total emissions,162228.828125,prediction
2026-08-20 23:29:00,2026-08-21 17:29:00,India,Total emissions,162052.953125,prediction
2026-08-20 23:29:00,2026-08-21 18:29:00,India,Total emissions,161701.59375,prediction
2026-08-20 23:29:00,2026-08-21 19:29:00,India,Total emissions,162053.03125,prediction
2026-08-20 23:29:00,2026-08-21 20:29:00,India,Total emissions,161984.4375,prediction
2026-08-20 23:29:00,2026-08-21 21:29:00,India,Total emissions,162157.109375,prediction
2026-08-20 23:29:00,2026-08-21 22:29:00,India,Total emissions,162395.328125,prediction
2026-08-20 23:29:00,2026-08-21 23:29:00,India,Total emissions,161817.625,prediction
2026-08-20 23:29:00,2026-08-21 00:29:00,India,Total emissions,162180.984375,prediction
2026-08-20 23:29:00,2026-08-21 01:29:00,India,Total emissions,162143.125,prediction
2026-08-20 23:29:00,2026-08-21 02:29:00,India,Total emissions,162065.8125,prediction
2026-08-20 23:29:00,2026-08-21 03:29:00,India,Total emissions,162225.96875,prediction
2026-08-20 23:29:00,2026-08-21 04:29:00,India,Total emissions,162268.1875,prediction
2026-08-20 23:29:00,2026-08-21 05:29:00,India,Total emissions,162051.796875,prediction
2026-08-20 23:29:00,2026-08-21 06:29:00,India,Total emissions,162259.25,prediction
2026-08-20 23:29:00,2026-08-21 07:29:00,India,Total emissions,162223.28125,prediction
2026-08-20 23:29:00,2026-08-21 08:29:00,India,Total emissions,162085.984375,prediction
2026-08-20 23:29:00,2026-08-21 09:29:00,India,Total emissions,162169.28125,prediction
2026-08-20 23:29:00,2026-08-21 10:29:00,India,Total emissions,162031.46875,prediction
2026-08-20 23:29:00,2026-08-21 11:29:00,India,Total emissions,162054.921875,prediction
2026-08-20 23:29:00,2026-08-21 12:29:00,India,Total emissions,161889.765625,prediction
2026-08-20 23:29:00,2026-08-21 13:29:00,India,Total emissions,162125.828125,prediction
2026-08-20 23:29:00,2026-08-21 14:29:00,India,Total emissions,161961.609375,prediction
2026-08-20 23:29:00,2026-08-21 15:29:00,India,Total emissions,162246.21875,prediction
2026-08-20 23:29:00,2026-08-21 16:29:00,India,Total emissions,162228.828125,prediction
2026-08-20 23:29:00,2026-08-21 17:29:00,India,Total emissions,162052.953125,prediction
2026-08-20 23:29:00,2026-08-21 18:29:00,India,Total emissions,161701.59375,prediction
2026-08-20 23:29:00,2026-08-21 19:29:00,India,Total emissions,162053.03125,prediction
2026-08-20 23:29:00,2026-08-21 20:29:00,India,Total emissions,161984.4375,prediction
2026-08-20 23:29:00,2026-08-21 21:29:00,India,Total emissions,162157.109375,prediction
2026-08-20 23:29:00,2026-08-21 22:29:00,India,Total emissions,162395.328125,prediction
2026-08-20 23:29:00,2026-08-21 23:29:00,India,Total emissions,161817.625,prediction
2026-08-20 23:29:00,2026-08-21 00:29:00,India,Total emissions,162180.984375,prediction
2026-08-20 23:29:00,2026-08-21 01:29:00,India,Total emissions,162143.125,prediction
2026-08-20 23:29:00,2026-08-21 02:29:00,India,Total emissions,162065.8125,prediction
2026-08-20 23:29:00,2026-08-21 03:29:00,India,Total emissions,162225.96875,prediction
2026-08-20 23:29:00,2026-08-21 04:29:00,India,Total emissions,162268.1875,prediction
2026-08-20 23:29:00,2026-08-21 05:29:00,India,Total emissions,162051.796875,prediction
2026-08-20 23:29:00,2026-08-21 06:29:00,India,Total emissions,162259.25,prediction
2026-08-20 23:29:00,2026-08-21 07:29:00,India,Total emissions,162223.28125,prediction
2026-08-20 23:29:00,2026-08-21 08:29:00,India,Total emissions,162085.984375,prediction
2026-08-20 23:29:00,2026-08-21 09:29:00,India,Total emissions,162169.28125,prediction
2026-08-20 23:29:00,2026-08-21 10:29:00,India,Total emissions,162031.46875,prediction
2026-08-20 23:29:00,2026-08-21 11:29:00,India,Total emissions,162054.921875,prediction
2026-08-20 23:29:00,2026-08-21 12:29:00,India,Total emissions,161889.765625,prediction
2026-08-20 23:29:00,2026-08-21 13:29:00,India,Total emissions,162125.828125,prediction
2026-08-20 23:29:00,2026-08-21 14:29:00,India,Total emissions,161961.609375,prediction
2026-08-20 23:29:00,2026-08-21 15:29:00,India,Total emissions,162246.21875,prediction
2026-08-20 23:29:00,2026-08-21 16:29:00,India,Total emissions,162228.828125,prediction
2026-08-20 23:29:00,2026-08-21 17:29:00,India,Total emissions,162052.953125,prediction
2026-08-20 23:29:00,2026-08-21 18:29:00,India,Total emissions,161701.59375,prediction
2026-08-20 23:29:00,2026-08-21 19:29:00,India,Total emissions,162053.03125,prediction
2026-08-20 23:29:00,2026-08-21 20:29:00,India,Total emissions,161984.4375,prediction
2026-08-20 23:29:00,2026-08-21 21:29:00,India,Total emissions,162157.109375,prediction
2026-08-20 23:29:00,2026-08-21 22:29:00,India,Total emissions,162395.328125,prediction
2026-08-20 23:29:00,2026-08-21 23:29:00,India,Total emissions,161817.625,prediction
2026-08-20 23:30:00,2026-08-21 00:30:00,India,Total emissions,162180.984375,prediction
2026-08-20 23:30:00,2026-08-21 01:30:00,India,Total emissions,162143.125,prediction
2026-08-20 23:30:00,2026-08-21 02:30:00,India,Total emissions,162065.8125,prediction
2026-08-20 23:30:00,2026-08-21 03:30:00,India,Total emissions,162225.96875,prediction
2026-08-20 23:30:00,2026-08-21 04:30:00,India,Total emissions,162268.1875,prediction
2026-08-20 23:30:00,2026-08-21 05:30:00,India,Total emissions,162051.796875,prediction
2026-08-20 23:30:00,2026-08-21 06:30:00,India,Total emissions,162259.25,prediction
2026-08-20 23:30:00,2026-08-21 07:30:00,India,Total emissions,162223.28125,prediction
2026-08-20 23:30:00,2026-08-21 08:30:00,India,Total emissions,162085.984375,prediction
2026-08-20 23:30:00,2026-08-21 09:30:00,India,Total emissions,162169.28125,prediction
2026-08-20 23:30:00,2026-08-21 10:30:00,India,Total emissions,162031.46875,prediction
2026-08-20 23:30:00,2026-08-21 11:30:00,India,Total emissions,162054.921875,prediction
2026-08-20 23:30:00,2026-08-21 12:30:00,India,Total emissions,161889.765625,prediction
2026-08-20 23:30:00,2026-08-21 13:30:00,India,Total emissions,162125.828125,prediction
2026-08-20 23:30:00,2026-08-21 14:30:00,India,Total emissions,161961.609375,prediction
2026-08-20 23:30:00,2026-08-21 15:30:00,India,Total emissions,162246.21875,prediction
2026-08-20 23:30:00,2026-08-21 16:30:00,India,Total emissions,162228.828125,prediction
2026-08-20 23:30:00,2026-08-21 17:30:00,India,Total emissions,162052.953125,prediction
2026-08-20 23:30:00,2026-08-21 18:30:00,India,Total emissions,161701.59375,prediction
2026-08-20 23:30:00,2026-08-21 19:30:00,India,Total emissions,162053.03125,prediction
2026-08-20 23:30:00,2026-08-21 20:30:00,India,Total emissions,161984.4375,prediction
2026-08-20 23:30:00,2026-08-21 21:30:00,India,Total emissions,162157.109375,prediction
2026-08-20 23:30:00,2026-08-21 22:30:00,India,Total emissions,162395.328125,prediction
2026-08-20 23:30:00,2026-08-21 23:30:00,India,Total emissions,161817.625,prediction
2026-08-20 23:30:00,2026-08-21 00:30:00,India,Total emissions,162180.984375,prediction
2026-08-20 23:30:00,2026-08-21 01:30:00,India,Total emissions,162143.125,prediction
2026-08-20 23:30:00,2026-08-21 02:30:00,India,Total emissions,162065.8125,prediction
2026-08-20 23:30:00,2026-08-21 03:30:00,India,Total emissions,162225.96875,prediction
2026-08-20 23:30:00,2026-08-21 04:30:00,India,Total emissions,162268.1875,prediction
2026-08-20 23:30:00,2026-08-21 05:30:00,India,Total emissions,162051.796875,prediction
2026-08-20 23:30:00,2026-08-21 06:30:00,India,Total emissions,162259.25,prediction
2026-08-20 23:30:00,2026-08-21 07:30:00,India,Total emissions,162223.28125,prediction
2026-08-20 23:30:00,2026-08-21 08:30:00,India,Total emissions,162085.984375,prediction
2026-08-20 23:30:00,2026-08-21 09:30:00,India,Total emissions,162169.28125,prediction
2026-08-20 23:30:00,2026-08-21 10:30:00,India,Total emissions,162031.46875,prediction
2026-08-20 23:30:00,2026-08-21 11:30:00,India,Total emissions,162054.921875,prediction
2026-08-20 23:30:00,2026-08-21 12:30:00,India,Total emissions,161889.765625,prediction
2026-08-20 23:30:00,2026-08-21 13:30:00,India,Total emissions,162125.828125,prediction
2026-08-20 23:30:00,2026-08-21 14:30:00,India,Total emissions,161961.609375,prediction
2026-08-20 23:30:00,2026-08-21 15:30:00,India,Total emissions,162246.21875,prediction
2026-08-20 23:30:00,2026-08-21 16:30:00,India,Total emissions,162228.828125,prediction
2026-08-20 23:30:00,2026-08-21 17:30:00,India,Total emissions,162052.953125,prediction
2026-08-20 23:30:00,2026-08-21 18:30:00,India,Total emissions,161701.59375,prediction
2026-08-20 23:30:00,2026-08-21 19:30:00,India,Total emissions,162053.03125,prediction
2026-08-20 23:30:00,2026-08-21 20:30:00,India,Total emissions,161984.4375,prediction
2026-08-20 23:30:00,2026-08-21 21:30:00,India,Total emissions,162157.109375,prediction
2026-08-20 23:30:00,2026-08-21 22:30:00,India,Total emissions,162395.328125,prediction
2026-08-20 23:30:00,2026-08-21 23:30:00,India,Total emissions,161817.625,prediction
2026-08-20 23:30:00,2026-08-21 00:30:00,India,Total emissions,162180.984375,prediction
2026-08-20 23:30:00,2026-08-21 01:30:00,India,Total emissions,162143.125,prediction
2026-08-20 23:30:00,2026-08-21 02:30:00,India,Total emissions,162065.8125,prediction
2026-08-20 23:30:00,2026-08-21 03:30:00,India,Total emissions,162225.96875,prediction
2026-08-20 23:30:00,2026-08-21 04:30:00,India,Total emissions,162268.1875,prediction
2026-08-20 23:30:00,2026-08-21 05:30:00,India,Total emissions,162051.796875,prediction
2026-08-20 23:30:00,2026-08-21 06:30:00,India,Total emissions,162259.25,prediction
2026-08-20 23:30:00,2026-08-21 07:30:00,India,Total emissions,162223.28125,prediction
2026-08-20 23:30:00,2026-08-21 08:30:00,India,Total emissions,162085.984375,prediction
2026-08-20 23:30:00,2026-08-21 09:30:00,India,Total emissions,162169.28125,prediction
2026-08-20 23:30:00,2026-08-21 10:30:00,India,Total emissions,162031.46875,prediction
2026-08-20 23:30:00,2026-08-21 11:30:00,India,Total emissions,162054.921875,prediction
2026-08-20 23:30:00,2026-08-21 12:30:00,India,Total emissions,161889.765625,prediction
2026-08-20 23:30:00,2026-08-21 13:30:00,India,Total emissions,162125.828125,prediction
2026-08-20 23:30:00,2026-08-21 14:30:00,India,Total emissions,161961.609375,prediction
2026-08-20 23:30:00,2026-08-21 15:30:00,India,Total emissions,162246.21875,prediction
2026-08-20 23:30:00,2026-08-21 16:30:00,India,Total emissions,162228.828125,prediction
2026-08-20 23:30:00,2026-08-21 17:30:00,India,Total emissions,162052.953125,prediction
2026-08-20 23:30:00,2026-08-21 18:30:00,India,Total emissions,161701.59375,prediction
2026-08-20 23:30:00,2026-08-21 19:30:00,India,Total emissions,162053.03125,prediction
2026-08-20 23:30:00,2026-08-21 20:30:00,India,Total emissions,161984.4375,prediction
2026-08-20 23:30:00,2026-08-21 21:30:00,India,Total emissions,162157.109375,prediction
2026-08-20 23:30:00,2026-08-21 22:30:00,India,Total emissions,162395.328125,prediction
2026-08-20 23:30:00,2026-08-21 23:30:00,India,Total emissions,161817.625,prediction
2026-08-20 23:31:00,2026-08-21 00:31:00,India,Total emissions,162180.984375,prediction
2026-08-20 23:31:00,2026-08-21 01:31:00,India,Total emissions,162143.125,prediction
2026-08-20 23:31:00,2026-08-21 02:31:00,India,Total emissions,162065.8125,prediction
2026-08-20 23:31:00,2026-08-21 03:31:00,India,Total emissions,162225.96875,prediction
2026-08-20 23:31:00,2026-08-21 04:31:00,India,Total emissions,162268.1875,prediction
2026-08-20 23:31:00,2026-08-21 05:31:00,India,Total emissions,162051.796875,prediction
2026-08-20 23:31:00,2026-08-21 06:31:00,India,Total emissions,162259.25,prediction
2026-08-20 23:31:00,2026-08-21 07:31:00,India,Total emissions,162223.28125,prediction
2026-08-20 23:31:00,2026-08-21 08:31:00,India,Total emissions,162085.984375,prediction
2026-08-20 23:31:00,2026-08-21 09:31:00,India,Total emissions,162169.28125,prediction
2026-08-20 23:31:00,2026-08-21 10:31:00,India,Total emissions,162031.46875,prediction
2026-08-20 23:31:00,2026-08-21 11:31:00,India,Total emissions,162054.921875,prediction
2026-08-20 23:31:00,2026-08-21 12:31:00,India,Total emissions,161889.765625,prediction
2026-08-20 23:31:00,2026-08-21 13:31:00,India,Total emissions,162125.828125,prediction
2026-08-20 23:31:00,2026-08-21 14:31:00,India,Total emissions,161961.609375,prediction
2026-08-20 23:31:00,2026-08-21 15:31:00,India,Total emissions,162246.21875,prediction
2026-08-20 23:31:00,2026-08-21 16:31:00,India,Total emissions,162228.828125,prediction
2026-08-20 23:31:00,2026-08-21 17:31:00,India,Total emissions,162052.953125,prediction
2026-08-20 23:31:00,2026-08-21 18:31:00,India,Total emissions,161701.59375,prediction
2026-08-20 23:31:00,2026-08-21 19:31:00,India,Total emissions,162053.03125,prediction
2026-08-20 23:31:00,2026-08-21 20:31:00,India,Total emissions,161984.4375,prediction
2026-08-20 23:31:00,2026-08-21 21:31:00,India,Total emissions,162157.109375,prediction
2026-08-20 23:31:00,2026-08-21 22:31:00,India,Total emissions,162395.328125,prediction
2026-08-20 23:31:00,2026-08-21 23:31:00,India,Total emissions,161817.625,prediction
2026-08-20 23:31:00,2026-08-21 00:31:00,India,Total emissions,162180.984375,prediction
2026-08-20 23:31:00,2026-08-21 01:31:00,India,Total emissions,162143.125,prediction
2026-08-20 23:31:00,2026-08-21 02:31:00,India,Total emissions,162065.8125,prediction
2026-08-20 23:31:00,2026-08-21 03:31:00,India,Total emissions,162225.96875,prediction
2026-08-20 23:31:00,2026-08-21 04:31:00,India,Total emissions,162268.1875,prediction
2026-08-20 23:31:00,2026-08-21 05:31:00,India,Total emissions,162051.796875,prediction
2026-08-20 23:31:00,2026-08-21 06:31:00,India,Total emissions,162259.25,prediction
2026-08-20 23:31:00,2026-08-21 07:31:00,India,Total emissions,162223.28125,prediction
2026-08-20 23:31:00,2026-08-21 08:31:00,India,Total emissions,162085.984375,prediction
2026-08-20 23:31:00,2026-08-21 09:31:00,India,Total emissions,162169.28125,prediction
2026-08-20 23:31:00,2026-08-21 10:31:00,India,Total emissions,162031.46875,prediction
2026-08-20 23:31:00,2026-08-21 11:31:00,India,Total emissions,162054.921875,prediction
2026-08-20 23:31:00,2026-08-21 12:31:00,India,Total emissions,161889.765625,prediction
2026-08-20 23:31:00,2026-08-21 13:31:00,India,Total emissions,162125.828125,prediction
2026-08-20 23:31:00,2026-08-21 14:31:00,India,Total emissions,161961.609375,prediction
2026-08-20 23:31:00,2026-08-21 15:31:00,India,Total emissions,162246.21875,prediction
2026-08-20 23:31:00,2026-08-21 16:31:00,India,Total emissions,162228.828125,prediction
2026-08-20 23:31:00,2026-08-21 17:31:00,India,Total emissions,162052.953125,prediction
2026-08-20 23:31:00,2026-08-21 18:31:00,India,Total emissions,161701.59375,prediction
2026-08-20 23:31:00,2026-08-21 19:31:00,India,Total emissions,162053.03125,prediction
2026-08-20 23:31:00,2026-08-21 20:31:00,India,Total emissions,161984.4375,prediction
2026-08-20 23:31:00,2026-08-21 21:31:00,India,Total emissions,162157.109375,prediction
2026-08-20 23:31:00,2026-08-21 22:31:00,India,Total emissions,162395.328125,prediction
2026-08-20 23:31:00,2026-08-21 23:31:00,India,Total emissions,161817.625,prediction
2026-08-20 23:32:00,2026-08-21 00:32:00,India,Total emissions,162180.984375,prediction
2026-08-20 23:32:00,2026-08-21 01:32:00,India,Total emissions,162143.125,prediction
2026-08-20 23:32:00,2026-08-21 02:32:00,India,Total emissions,162065.8125,prediction
2026-08-20 23:32:00,2026-08-21 03:32:00,India,Total emissions,162225.96875,prediction
2026-08-20 23:32:00,2026-08-21 04:32:00,India,Total emissions,162268.1875,prediction
2026-08-20 23:32:00,2026-08-21 05:32:00,India,Total emissions,162051.796875,prediction
2026-08-20 23:32:00,2026-08-21 06:32:00,India,Total emissions,162259.25,prediction
2026-08-20 23:32:00,2026-08-21 07:32:00,India,Total emissions,162223.28125,prediction
2026-08-20 23:32:00,2026-08-21 08:32:00,India,Total emissions,162085.984375,prediction
2026-08-20 23:32:00,2026-08-21 09:32:00,India,Total emissions,162169.28125,prediction
2026-08-20 23:32:00,2026-08-21 10:32:00,India,Total emissions,162031.46875,prediction
2026-08-20 23:32:00,2026-08-21 11:32:00,India,Total emissions,162054.921875,prediction
2026-08-20 23:32:00,2026-08-21 12:32:00,India,Total emissions,161889.765625,prediction
2026-08-20 23:32:00,2026-08-21 13:32:00,India,Total emissions,162125.828125,prediction
2026-08-20 23:32:00,2026-08-21 14:32:00,India,Total emissions,161961.609375,prediction
2026-08-20 23:32:00,2026-08-21 15:32:00,India,Total emissions,162246.21875,prediction
2026-08-20 23:32:00,2026-08-21 16:32:00,India,Total emissions,162228.828125,prediction
2026-08-20 23:32:00,2026-08-21 17:32:00,India,Total emissions,162052.953125,prediction
2026-08-20 23:32:00,2026-08-21 18:32:00,India,Total emissions,161701.59375,prediction
2026-08-20 23:32:00,2026-08-21 19:32:00,India,Total emissions,162053.03125,prediction
2026-08-20 23:32:00,2026-08-21 20:32:00,India,Total emissions,161984.4375,prediction
2026-08-20 23:32:00,2026-08-21 21:32:00,India,Total emissions,162157.109375,prediction
2026-08-20 23:32:00,2026-08-21 22:32:00,India,Total emissions,162395.328125,prediction
2026-08-20 23:32:00,2026-08-21 23:32:00,India,Total emissions,161817.625,prediction
2026-08-20 23:32:00,2026-08-21 00:32:00,India,Total emissions,162180.984375,prediction
2026-08-20 23:32:00,2026-08-21 01:32:00,India,Total emissions,162143.125,prediction
2026-08-20 23:32:00,2026-08-21 02:32:00,India,Total emissions,162065.8125,prediction
2026-08-20 23:32:00,2026-08-21 03:32:00,India,Total emissions,162225.96875,prediction
2026-08-20 23:32:00,2026-08-21 04:32:00,India,Total emissions,162268.1875,prediction
2026-08-20 23:32:00,2026-08-21 05:32:00,India,Total emissions,162051.796875,prediction
2026-08-20 23:32:00,2026-08-21 06:32:00,India,Total emissions,162259.25,prediction
2026-08-20 23:32:00,2026-08-21 07:32:00,India,Total emissions,162223.28125,prediction
2026-08-20 23:32:00,2026-08-21 08:32:00,India,Total emissions,162085.984375,prediction
2026-08-20 23:32:00,2026-08-21 09:32:00,India,Total emissions,162169.28125,prediction
2026-08-20 23:32:00,2026-08-21 10:32:00,India,Total emissions,162031.46875,prediction
2026-08-20 23:32:00,2026-08-21 11:32:00,India,Total emissions,162054.921875,prediction
2026-08-20 23:32:00,2026-08-21 12:32:00,India,Total emissions,161889.765625,prediction
2026-08-20 23:32:00,2026-08-21 13:32:00,India,Total emissions,162125.828125,prediction
2026-08-20 23:32:00,2026-08-21 14:32:00,India,Total emissions,161961.609375,prediction
2026-08-20 23:32:00,2026-08-21 15:32:00,India,Total emissions,162246.21875,prediction
2026-08-20 23:32:00,2026-08-21 16:32:00,India,Total emissions,162228.828125,prediction
2026-08-20 23:32:00,2026-08-21 17:32:00,India,Total emissions,162052.953125,prediction
2026-08-20 23:32:00,2026-08-21 18:32:00,India,Total emissions,161701.59375,prediction
2026-08-20 23:32:00,2026-08-21 19:32:00,India,Total emissions,162053.03125,prediction
2026-08-20 23:32:00,2026-08-21 20:32:00,India,Total emissions,161984.4375,prediction
2026-08-20 23:32:00,2026-08-21 21:32:00,India,Total emissions,162157.109375,prediction
2026-08-20 23:32:00,2026-08-21 22:32:00,India,Total emissions,162395.328125,prediction
2026-08-20 23:32:00,2026-08-21 23:32:00,India,Total emissions,161817.625,prediction
2026-08-20 23:32:00,2026-08-21 00:32:00,India,Total emissions,162180.984375,prediction
2026-08-20 23:32:00,2026-08-21 01:32:00,India,Total emissions,162143.125,prediction
2026-08-20 23:32:00,2026-08-21 02:32:00,India,Total emissions,162065.8125,prediction
2026-08-20 23:32:00,2026-08-21 03:32:00,India,Total emissions,162225.96875,prediction
2026-08-20 23:32:00,2026-08-21 04:32:00,India,Total emissions,162268.1875,prediction
2026-08-20 23:32:00,2026-08-21 05:32:00,India,Total emissions,162051.796875,prediction
2026-08-20 23:32:00,2026-08-21 06:32:00,India,Total emissions,162259.25,prediction
2026-08-20 23:32:00,2026-08-21 07:32:00,India,Total emissions,162223.28125,prediction
2026-08-20 23:32:00,2026-08-21 08:32:00,India,Total emissions,162085.984375,prediction
2026-08-20 23:32:00,2026-08-21 09:32:00,India,Total emissions,162169.28125,prediction
2026-08-20 23:32:00,2026-08-21 10:32:00,India,Total emissions,162031.46875,prediction
2026-08-20 23:32:00,2026-08-21 11:32:00,India,Total emissions,162054.921875,prediction
2026-08-20 23:32:00,2026-08-21 12:32:00,India,Total emissions,161889.765625,prediction
2026-08-20 23:32:00,2026-08-21 13:32:00,India,Total emissions,162125.828125,prediction
2026-08-20 23:32:00,2026-08-21 14:32:00,India,Total emissions,161961.609375,prediction
2026-08-20 23:32:00,2026-08-21 15:32:00,India,Total emissions,162246.21875,prediction
2026-08-20 23:32:00,2026-08-21 16:32:00,India,Total emissions,162228.828125,prediction
2026-08-20 23:32:00,2026-08-21 17:32:00,India,Total emissions,162052.953125,prediction
2026-08-20 23:32:00,2026-08-21 18:32:00,India,Total emissions,161701.59375,prediction
2026-08-20 23:32:00,2026-08-21 19:32:00,India,Total emissions,162053.03125,prediction
2026-08-20 23:32:00,2026-08-21 20:32:00,India,Total emissions,161984.4375,prediction
2026-08-20 23:32:00,2026-08-21 21:32:00,India,Total emissions,162157.109375,prediction
2026-08-20 23:32:00,2026-08-21 22:32:00,India,Total emissions,162395.328125,prediction
2026-08-20 23:32:00,2026-08-21 23:32:00,India,Total emissions,161817.625,prediction
2026-08-20 23:32:00,2026-08-21 00:32:00,India,Total emissions,162180.984375,prediction
2026-08-20 23:32:00,2026-08-21 01:32:00,India,Total emissions,162143.125,prediction
2026-08-20 23:32:00,2026-08-21 02:32:00,India,Total emissions,162065.8125,prediction
2026-08-20 23:32:00,2026-08-21 03:32:00,India,Total emissions,162225.96875,prediction
2026-08-20 23:32:00,2026-08-21 04:32:00,India,Total emissions,162268.1875,prediction
2026-08-20 23:32:00,2026-08-21 05:32:00,India,Total emissions,162051.796875,prediction
2026-08-20 23:32:00,2026-08-21 06:32:00,India,Total emissions,162259.25,prediction
2026-08-20 23:32:00,2026-08-21 07:32:00,India,Total emissions,162223.28125,prediction
2026-08-20 23:32:00,2026-08-21 08:32:00,India,Total emissions,162085.984375,prediction
2026-08-20 23:32:00,2026-08-21 09:32:00,India,Total emissions,162169.28125,prediction
2026-08-20 23:32:00,2026-08-21 10:32:00,India,Total emissions,162031.46875,prediction
2026-08-20 23:32:00,2026-08-21 11:32:00,India,Total emissions,162054.921875,prediction
2026-08-20 23:32:00,2026-08-21 12:32:00,India,Total emissions,161889.765625,prediction
2026-08-20 23:32:00,2026-08-21 13:32:00,India,Total emissions,162125.828125,prediction
2026-08-20 23:32:00,2026-08-21 14:32:00,India,Total emissions,161961.609375,prediction
2026-08-20 23:32:00,2026-08-21 15:32:00,India,Total emissions,162246.21875,prediction
2026-08-20 23:32:00,2026-08-21 16:32:00,India,Total emissions,162228.828125,prediction
2026-08-20 23:32:00,2026-08-21 17:32:00,India,Total emissions,162052.953125,prediction
2026-08-20 23:32:00,2026-08-21 18:32:00,India,Total emissions,161701.59375,prediction
2026-08-20 23:32:00,2026-08-21 19:32:00,India,Total emissions,162053.03125,prediction
2026-08-20 23:32:00,2026-08-21 20:32:00,India,Total emissions,161984.4375,prediction
2026-08-20 23:32:00,2026-08-21 21:32:00,India,Total emissions,162157.109375,prediction
2026-08-20 23:32:00,2026-08-21 22:32:00,India,Total emissions,162395.328125,prediction
2026-08-20 23:32:00,2026-08-21 23:32:00,India,Total emissions,161817.625,prediction
2026-08-20 23:33:00,2026-08-21 00:33:00,India,Total emissions,162180.984375,prediction
2026-08-20 23:33:00,2026-08-21 01:33:00,India,Total emissions,162143.125,prediction
2026-08-20 23:33:00,2026-08-21 02:33:00,India,Total emissions,162065.8125,prediction
2026-08-20 23:33:00,2026-08-21 03:33:00,India,Total emissions,162225.96875,prediction
2026-08-20 23:33:00,2026-08-21 04:33:00,India,Total emissions,162268.1875,prediction
2026-08-20 23:33:00,2026-08-21 05:33:00,India,Total emissions,162051.796875,prediction
2026-08-20 23:33:00,2026-08-21 06:33:00,India,Total emissions,162259.25,prediction
2026-08-20 23:33:00,2026-08-21 07:33:00,India,Total emissions,162223.28125,prediction
2026-08-20 23:33:00,2026-08-21 08:33:00,India,Total emissions,162085.984375,prediction
2026-08-20 23:33:00,2026-08-21 09:33:00,India,Total emissions,162169.28125,prediction
2026-08-20 23:33:00,2026-08-21 10:33:00,India,Total emissions,162031.46875,prediction
2026-08-20 23:33:00,2026-08-21 11:33:00,India,Total emissions,162054.921875,prediction
2026-08-20 23:33:00,2026-08-21 12:33:00,India,Total emissions,161889.765625,prediction
2026-08-20 23:33:00,2026-08-21 13:33:00,India,Total emissions,162125.828125,prediction
2026-08-20 23:33:00,2026-08-21 14:33:00,India,Total emissions,161961.609375,prediction
2026-08-20 23:33:00,2026-08-21 15:33:00,India,Total emissions,162246.21875,prediction
2026-08-20 23:33:00,2026-08-21 16:33:00,India,Total emissions,162228.828125,prediction
2026-08-20 23:33:00,2026-08-21 17:33:00,India,Total emissions,162052.953125,prediction
2026-08-20 23:33:00,2026-08-21 18:33:00,India,Total emissions,161701.59375,prediction
2026-08-20 23:33:00,2026-08-21 19:33:00,India,Total emissions,162053.03125,prediction
2026-08-20 23:33:00,2026-08-21 20:33:00,India,Total emissions,161984.4375,prediction
2026-08-20 23:33:00,2026-08-21 21:33:00,India,Total emissions,162157.109375,prediction
2026-08-20 23:33:00,2026-08-21 22:33:00,India,Total emissions,162395.328125,prediction
2026-08-20 23:33:00,2026-08-21 23:33:00,India,Total emissions,161817.625,prediction
2026-08-20 23:33:00,2026-08-21 00:33:00,India,Total emissions,162180.984375,prediction
2026-08-20 23:33:00,2026-08-21 01:33:00,India,Total emissions,162143.125,prediction
2026-08-20 23:33:00,2026-08-21 02:33:00,India,Total emissions,162065.8125,prediction
2026-08-20 23:33:00,2026-08-21 03:33:00,India,Total emissions,162225.96875,prediction
2026-08-20 23:33:00,2026-08-21 04:33:00,India,Total emissions,162268.1875,prediction
2026-08-20 23:33:00,2026-08-21 05:33:00,India,Total emissions,162051.796875,prediction
2026-08-20 23:33:00,2026-08-21 06:33:00,India,Total emissions,162259.25,prediction
2026-08-20 23:33:00,2026-08-21 07:33:00,India,Total emissions,162223.28125,prediction
2026-08-20 23:33:00,2026-08-21 08:33:00,India,Total emissions,162085.984375,prediction
2026-08-20 23:33:00,2026-08-21 09:33:00,India,Total emissions,162169.28125,prediction
2026-08-20 23:33:00,2026-08-21 10:33:00,India,Total emissions,162031.46875,prediction
2026-08-20 23:33:00,2026-08-21 11:33:00,India,Total emissions,162054.921875,prediction
2026-08-20 23:33:00,2026-08-21 12:33:00,India,Total emissions,161889.765625,prediction
2026-08-20 23:33:00,2026-08-21 13:33:00,India,Total emissions,162125.828125,prediction
2026-08-20 23:33:00,2026-08-21 14:33:00,India,Total emissions,161961.609375,prediction
2026-08-20 23:33:00,2026-08-21 15:33:00,India,Total emissions,162246.21875,prediction
2026-08-20 23:33:00,2026-08-21 16:33:00,India,Total emissions,162228.828125,prediction
2026-08-20 23:33:00,2026-08-21 17:33:00,India,Total emissions,162052.953125,prediction
2026-08-20 23:33:00,2026-08-21 18:33:00,India,Total emissions,161701.59375,prediction
2026-08-20 23:33:00,2026-08-21 19:33:00,India,Total emissions,162053.03125,prediction
2026-08-20 23:33:00,2026-08-21 20:33:00,India,Total emissions,161984.4375,prediction
2026-08-20 23:33:00,2026-08-21 21:33:00,India,Total emissions,162157.109375,prediction
2026-08-20 23:33:00,2026-08-21 22:33:00,India,Total emissions,162395.328125,prediction
2026-08-20 23:33:00,2026-08-21 23:33:00,India,Total emissions,161817.625,prediction
2026-08-20 23:33:00,2026-08-21 00:33:00,India,Total emissions,162180.984375,prediction
2026-08-20 23:33:00,2026-08-21 01:33:00,India,Total emissions,162143.125,prediction
2026-08-20 23:33:00,2026-08-21 02:33:00,India,Total emissions,162065.8125,prediction
2026-08-20 23:33:00,2026-08-21 03:33:00,India,Total emissions,162225.96875,prediction
2026-08-20 23:33:00,2026-08-21 04:33:00,India,Total emissions,162268.1875,prediction
2026-08-20 23:33:00,2026-08-21 05:33:00,India,Total emissions,162051.796875,prediction
2026-08-20 23:33:00,2026-08-21 06:33:00,India,Total emissions,162259.25,prediction
2026-08-20 23:33:00,2026-08-21 07:33:00,India,Total emissions,162223.28125,prediction
2026-08-20 23:33:00,2026-08-21 08:33:00,India,Total emissions,162085.984375,prediction
2026-08-20 23:33:00,2026-08-21 09:33:00,India,Total emissions,162169.28125,prediction
2026-08-20 23:33:00,2026-08-21 10:33:00,India,Total emissions,162031.46875,prediction
2026-08-20 23:33:00,2026-08-21 11:33:00,India,Total emissions,162054.921875,prediction
2026-08-20 23:33:00,2026-08-21 12:33:00,India,Total emissions,161889.765625,prediction
2026-08-20 23:33:00,2026-08-21 13:33:00,India,Total emissions,162125.828125,prediction
2026-08-20 23:33:00,2026-08-21 14:33:00,India,Total emissions,161961.609375,prediction
2026-08-20 23:33:00,2026-08-21 15:33:00,India,Total emissions,162246.21875,prediction
2026-08-20 23:33:00,2026-08-21 16:33:00,India,Total emissions,162228.828125,prediction
2026-08-20 23:33:00,2026-08-21 17:33:00,India,Total emissions,162052.953125,prediction
2026-08-20 23:33:00,2026-08-21 18:33:00,India,Total emissions,161701.59375,prediction
2026-08-20 23:33:00,2026-08-21 19:33:00,India,Total emissions,162053.03125,prediction
2026-08-20 23:33:00,2026-08-21 20:33:00,India,Total emissions,161984.4375,prediction
2026-08-20 23:33:00,2026-08-21 21:33:00,India,Total emissions,162157.109375,prediction
2026-08-20 23:33:00,2026-08-21 22:33:00,India,Total emissions,162395.328125,prediction
2026-08-20 23:33:00,2026-08-21 23:33:00,India,Total emissions,161817.625,prediction
2026-08-20 23:35:00,2026-08-21 00:35:00,India,Total emissions,162180.984375,prediction
2026-08-20 23:35:00,2026-08-21 01:35:00,India,Total emissions,162143.125,prediction
2026-08-20 23:35:00,2026-08-21 02:35:00,India,Total emissions,162065.8125,prediction
2026-08-20 23:35:00,2026-08-21 03:35:00,India,Total emissions,162225.96875,prediction
2026-08-20 23:35:00,2026-08-21 04:35:00,India,Total emissions,162268.1875,prediction
2026-08-20 23:35:00,2026-08-21 05:35:00,India,Total emissions,162051.796875,prediction
2026-08-20 23:35:00,2026-08-21 06:35:00,India,Total emissions,162259.25,prediction
2026-08-20 23:35:00,2026-08-21 07:35:00,India,Total emissions,162223.28125,prediction
2026-08-20 23:35:00,2026-08-21 08:35:00,India,Total emissions,162085.984375,prediction
2026-08-20 23:35:00,2026-08-21 09:35:00,India,Total emissions,162169.28125,prediction
2026-08-20 23:35:00,2026-08-21 10:35:00,India,Total emissions,162031.46875,prediction
2026-08-20 23:35:00,2026-08-21 11:35:00,India,Total emissions,162054.921875,prediction
2026-08-20 23:35:00,2026-08-21 12:35:00,India,Total emissions,161889.765625,prediction
2026-08-20 23:35:00,2026-08-21 13:35:00,India,Total emissions,162125.828125,prediction
2026-08-20 23:35:00,2026-08-21 14:35:00,India,Total emissions,161961.609375,prediction
2026-08-20 23:35:00,2026-08-21 15:35:00,India,Total emissions,162246.21875,prediction
2026-08-20 23:35:00,2026-08-21 16:35:00,India,Total emissions,162228.828125,prediction
2026-08-20 23:35:00,2026-08-21 17:35:00,India,Total emissions,162052.953125,prediction
2026-08-20 23:35:00,2026-08-21 18:35:00,India,Total emissions,161701.59375,prediction
2026-08-20 23:35:00,2026-08-21 19:35:00,India,Total emissions,162053.03125,prediction
2026-08-20 23:35:00,2026-08-21 20:35:00,India,Total emissions,161984.4375,prediction
2026-08-20 23:35:00,2026-08-21 21:35:00,India,Total emissions,162157.109375,prediction
2026-08-20 23:35:00,2026-08-21 22:35:00,India,Total emissions,162395.328125,prediction
2026-08-20 23:35:00,2026-08-21 23:35:00,India,Total emissions,161817.625,prediction
2026-08-20 23:35:00,2026-08-21 00:35:00,India,Total emissions,162180.984375,prediction
2026-08-20 23:35:00,2026-08-21 01:35:00,India,Total emissions,162143.125,prediction
2026-08-20 23:35:00,2026-08-21 02:35:00,India,Total emissions,162065.8125,prediction
2026-08-20 23:35:00,2026-08-21 03:35:00,India,Total emissions,162225.96875,prediction
2026-08-20 23:35:00,2026-08-21 04:35:00,India,Total emissions,162268.1875,prediction
2026-08-20 23:35:00,2026-08-21 05:35:00,India,Total emissions,162051.796875,prediction
2026-08-20 23:35:00,2026-08-21 06:35:00,India,Total emissions,162259.25,prediction
2026-08-20 23:35:00,2026-08-21 07:35:00,India,Total emissions,162223.28125,prediction
2026-08-20 23:35:00,2026-08-21 08:35:00,India,Total emissions,162085.984375,prediction
2026-08-20 23:35:00,2026-08-21 09:35:00,India,Total emissions,162169.28125,prediction
2026-08-20 23:35:00,2026-08-21 10:35:00,India,Total emissions,162031.46875,prediction
2026-08-20 23:35:00,2026-08-21 11:35:00,India,Total emissions,162054.921875,prediction
2026-08-20 23:35:00,2026-08-21 12:35:00,India,Total emissions,161889.765625,prediction
2026-08-20 23:35:00,2026-08-21 13:35:00,India,Total emissions,162125.828125,prediction
2026-08-20 23:35:00,2026-08-21 14:35:00,India,Total emissions,161961.609375,prediction
2026-08-20 23:35:00,2026-08-21 15:35:00,India,Total emissions,162246.21875,prediction
2026-08-20 23:35:00,2026-08-21 16:35:00,India,Total emissions,162228.828125,prediction
2026-08-20 23:35:00,2026-08-21 17:35:00,India,Total emissions,162052.953125,prediction
2026-08-20 23:35:00,2026-08-21 18:35:00,India,Total emissions,161701.59375,prediction
2026-08-20 23:35:00,2026-08-21 19:35:00,India,Total emissions,162053.03125,prediction
2026-08-20 23:35:00,2026-08-21 20:35:00,India,Total emissions,161984.4375,prediction
2026-08-20 23:35:00,2026-08-21 21:35:00,India,Total emissions,162157.109375,prediction
2026-08-20 23:35:00,2026-08-21 22:35:00,India,Total emissions,162395.328125,prediction
2026-08-20 23:35:00,2026-08-21 23:35:00,India,Total emissions,161817.625,prediction
2026-08-20 23:35:00,2026-08-21 00:35:00,India,Total emissions,162180.984375,prediction
2026-08-20 23:35:00,2026-08-21 01:35:00,India,Total emissions,162143.125,prediction
2026-08-20 23:35:00,2026-08-21 02:35:00,India,Total emissions,162065.8125,prediction
2026-08-20 23:35:00,2026-08-21 03:35:00,India,Total emissions,162225.96875,prediction
2026-08-20 23:35:00,2026-08-21 04:35:00,India,Total emissions,162268.1875,prediction
2026-08-20 23:35:00,2026-08-21 05:35:00,India,Total emissions,162051.796875,prediction
2026-08-20 23:35:00,2026-08-21 06:35:00,India,Total emissions,162259.25,prediction
2026-08-20 23:35:00,2026-08-21 07:35:00,India,Total emissions,162223.28125,prediction
2026-08-20 23:35:00,2026-08-21 08:35:00,India,Total emissions,162085.984375,prediction
2026-08-20 23:35:00,2026-08-21 09:35:00,India,Total emissions,162169.28125,prediction
2026-08-20 23:35:00,2026-08-21 10:35:00,India,Total emissions,162031.46875,prediction
2026-08-20 23:35:00,2026-08-21 11:35:00,India,Total emissions,162054.921875,prediction
2026-08-20 23:35:00,2026-08-21 12:35:00,India,Total emissions,161889.765625,prediction
2026-08-20 23:35:00,2026-08-21 13:35:00,India,Total emissions,162125.828125,prediction
2026-08-20 23:35:00,2026-08-21 14:35:00,India,Total emissions,161961.609375,prediction
2026-08-20 23:35:00,2026-08-21 15:35:00,India,Total emissions,162246.21875,prediction
2026-08-20 23:35:00,2026-08-21 16:35:00,India,Total emissions,162228.828125,prediction
2026-08-20 23:35:00,2026-08-21 17:35:00,India,Total emissions,162052.953125,prediction
2026-08-20 23:35:00,2026-08-21 18:35:00,India,Total emissions,161701.59375,prediction
2026-08-20 23:35:00,2026-08-21 19:35:00,India,Total emissions,162053.03125,prediction
2026-08-20 23:35:00,2026-08-21 20:35:00,India,Total emissions,161984.4375,prediction
2026-08-20 23:35:00,2026-08-21 21:35:00,India,Total emissions,162157.109375,prediction
2026-08-20 23:35:00,2026-08-21 22:35:00,India,Total emissions,162395.328125,prediction
2026-08-20 23:35:00,2026-08-21 23:35:00,India,Total emissions,161817.625,prediction
2026-08-20 23:35:00,2026-08-21 00:35:00,India,Total emissions,162180.984375,prediction
2026-08-20 23:35:00,2026-08-21 01:35:00,India,Total emissions,162143.125,prediction
2026-08-20 23:35:00,2026-08-21 02:35:00,India,Total emissions,162065.8125,prediction
2026-08-20 23:35:00,2026-08-21 03:35:00,India,Total emissions,162225.96875,prediction
2026-08-20 23:35:00,2026-08-21 04:35:00,India,Total emissions,162268.1875,prediction
2026-08-20 23:35:00,2026-08-21 05:35:00,India,Total emissions,162051.796875,prediction
2026-08-20 23:35:00,2026-08-21 06:35:00,India,Total emissions,162259.25,prediction
2026-08-20 23:35:00,2026-08-21 07:35:00,India,Total emissions,162223.28125,prediction
2026-08-20 23:35:00,2026-08-21 08:35:00,India,Total emissions,162085.984375,prediction
2026-08-20 23:35:00,2026-08-21 09:35:00,India,Total emissions,162169.28125,prediction
2026-08-20 23:35:00,2026-08-21 10:35:00,India,Total emissions,162031.46875,prediction
2026-08-20 23:35:00,2026-08-21 11:35:00,India,Total emissions,162054.921875,prediction
2026-08-20 23:35:00,2026-08-21 12:35:00,India,Total emissions,161889.765625,prediction
2026-08-20 23:35:00,2026-08-21 13:35:00,India,Total emissions,162125.828125,prediction
2026-08-20 23:35:00,2026-08-21 14:35:00,India,Total emissions,161961.609375,prediction
2026-08-20 23:35:00,2026-08-21 15:35:00,India,Total emissions,162246.21875,prediction
2026-08-20 23:35:00,2026-08-21 16:35:00,India,Total emissions,162228.828125,prediction
2026-08-20 23:35:00,2026-08-21 17:35:00,India,Total emissions,162052.953125,prediction
2026-08-20 23:35:00,2026-08-21 18:35:00,India,Total emissions,161701.59375,prediction
2026-08-20 23:35:00,2026-08-21 19:35:00,India,Total emissions,162053.03125,prediction
2026-08-20 23:35:00,2026-08-21 20:35:00,India,Total emissions,161984.4375,prediction
2026-08-20 23:35:00,2026-08-21 21:35:00,India,Total emissions,162157.109375,prediction
2026-08-20 23:35:00,2026-08-21 22:35:00,India,Total emissions,162395.328125,prediction
2026-08-20 23:35:00,2026-08-21 23:35:00,India,Total emissions,161817.625,prediction
2026-08-20 23:35:00,2026-08-21 00:35:00,India,Total emissions,162180.984375,prediction
2026-08-20 23:35:00,2026-08-21 01:35:00,India,Total emissions,162143.125,prediction
2026-08-20 23:35:00,2026-08-21 02:35:00,India,Total emissions,162065.8125,prediction
2026-08-20 23:35:00,2026-08-21 03:35:00,India,Total emissions,162225.96875,prediction
2026-08-20 23:35:00,2026-08-21 04:35:00,India,Total emissions,162268.1875,prediction
2026-08-20 23:35:00,2026-08-21 05:35:00,India,Total emissions,162051.796875,prediction
2026-08-20 23:35:00,2026-08-21 06:35:00,India,Total emissions,162259.25,prediction
2026-08-20 23:35:00,2026-08-21 07:35:00,India,Total emissions,162223.28125,prediction
2026-08-20 23:35:00,2026-08-21 08:35:00,India,Total emissions,162085.984375,prediction
2026-08-20 23:35:00,2026-08-21 09:35:00,India,Total emissions,162169.28125,prediction
2026-08-20 23:35:00,2026-08-21 10:35:00,India,Total emissions,162031.46875,prediction
2026-08-20 23:35:00,2026-08-21 11:35:00,India,Total emissions,162054.921875,prediction
2026-08-20 23:35:00,2026-08-21 12:35:00,India,Total emissions,161889.765625,prediction
2026-08-20 23:35:00,2026-08-21 13:35:00,India,Total emissions,162125.828125,prediction
2026-08-20 23:35:00,2026-08-21 14:35:00,India,Total emissions,161961.609375,prediction
2026-08-20 23:35:00,2026-08-21 15:35:00,India,Total emissions,162246.21875,prediction
2026-08-20 23:35:00,2026-08-21 16:35:00,India,Total emissions,162228.828125,prediction
2026-08-20 23:35:00,2026-08-21 17:35:00,India,Total emissions,162052.953125,prediction
2026-08-20 23:35:00,2026-08-21 18:35:00,India,Total emissions,161701.59375,prediction
2026-08-20 23:35:00,2026-08-21 19:35:00,India,Total emissions,162053.03125,prediction
2026-08-20 23:35:00,2026-08-21 20:35:00,India,Total emissions,161984.4375,prediction
2026-08-20 23:35:00,2026-08-21 21:35:00,India,Total emissions,162157.109375,prediction
2026-08-20 23:35:00,2026-08-21 22:35:00,India,Total emissions,162395.328125,prediction
2026-08-20 23:35:00,2026-08-21 23:35:00,India,Total emissions,161817.625,prediction
2026-08-20 23:35:00,2026-08-21 00:35:00,India,Total emissions,162180.984375,prediction
2026-08-20 23:35:00,2026-08-21 01:35:00,India,Total emissions,162143.125,prediction
2026-08-20 23:35:00,2026-08-21 02:35:00,India,Total emissions,162065.8125,prediction
2026-08-20 23:35:00,2026-08-21 03:35:00,India,Total emissions,162225.96875,prediction
2026-08-20 23:35:00,2026-08-21 04:35:00,India,Total emissions,162268.1875,prediction
2026-08-20 23:35:00,2026-08-21 05:35:00,India,Total emissions,162051.796875,prediction
2026-08-20 23:35:00,2026-08-21 06:35:00,India,Total emissions,162259.25,prediction
2026-08-20 23:35:00,2026-08-21 07:35:00,India,Total emissions,162223.28125,prediction
2026-08-20 23:35:00,2026-08-21 08:35:00,India,Total emissions,162085.984375,prediction
2026-08-20 23:35:00,2026-08-21 09:35:00,India,Total emissions,162169.28125,prediction
2026-08-20 23:35:00,2026-08-21 10:35:00,India,Total emissions,162031.46875,prediction
2026-08-20 23:35:00,2026-08-21 11:35:00,India,Total emissions,162054.921875,prediction
2026-08-20 23:35:00,2026-08-21 12:35:00,India,Total emissions,161889.765625,prediction
2026-08-20 23:35:00,2026-08-21 13:35:00,India,Total emissions,162125.828125,prediction
2026-08-20 23:35:00,2026-08-21 14:35:00,India,Total emissions,161961.609375,prediction
2026-08-20 23:35:00,2026-08-21 15:35:00,India,Total emissions,162246.21875,prediction
2026-08-20 23:35:00,2026-08-21 16:35:00,India,Total emissions,162228.828125,prediction
2026-08-20 23:35:00,2026-08-21 17:35:00,India,Total emissions,162052.953125,prediction
2026-08-20 23:35:00,2026-08-21 18:35:00,India,Total emissions,161701.59375,prediction
2026-08-20 23:35:00,2026-08-21 19:35:00,India,Total emissions,162053.03125,prediction
2026-08-20 23:35:00,2026-08-21 20:35:00,India,Total emissions,161984.4375,prediction
2026-08-20 23:35:00,2026-08-21 21:35:00,India,Total emissions,162157.109375,prediction
2026-08-20 23:35:00,2026-08-21 22:35:00,India,Total emissions,162395.328125,prediction
2026-08-20 23:35:00,2026-08-21 23:35:00,India,Total emissions,161817.625,prediction
2026-08-20 23:35:00,2026-08-21 00:35:00,India,Total emissions,162180.984375,prediction
2026-08-20 23:35:00,2026-08-21 01:35:00,India,Total emissions,162143.125,prediction
2026-08-20 23:35:00,2026-08-21 02:35:00,India,Total emissions,162065.8125,prediction
2026-08-20 23:35:00,2026-08-21 03:35:00,India,Total emissions,162225.96875,prediction
2026-08-20 23:35:00,2026-08-21 04:35:00,India,Total emissions,162268.1875,prediction
2026-08-20 23:35:00,2026-08-21 05:35:00,India,Total emissions,162051.796875,prediction
2026-08-20 23:35:00,2026-08-21 06:35:00,India,Total emissions,162259.25,prediction
2026-08-20 23:35:00,2026-08-21 07:35:00,India,Total emissions,162223.28125,prediction
2026-08-20 23:35:00,2026-08-21 08:35:00,India,Total emissions,162085.984375,prediction
2026-08-20 23:35:00,2026-08-21 09:35:00,India,Total emissions,162169.28125,prediction
2026-08-20 23:35:00,2026-08-21 10:35:00,India,Total emissions,162031.46875,prediction
2026-08-20 23:35:00,2026-08-21 11:35:00,India,Total emissions,162054.921875,prediction
2026-08-20 23:35:00,2026-08-21 12:35:00,India,Total emissions,161889.765625,prediction
2026-08-20 23:35:00,2026-08-21 13:35:00,India,Total emissions,162125.828125,prediction
2026-08-20 23:35:00,2026-08-21 14:35:00,India,Total emissions,161961.609375,prediction
2026-08-20 23:35:00,2026-08-21 15:35:00,India,Total emissions,162246.21875,prediction
2026-08-20 23:35:00,2026-08-21 16:35:00,India,Total emissions,162228.828125,prediction
2026-08-20 23:35:00,2026-08-21 17:35:00,India,Total emissions,162052.953125,prediction
2026-08-20 23:35:00,2026-08-21 18:35:00,India,Total emissions,161701.59375,prediction
2026-08-20 23:35:00,2026-08-21 19:35:00,India,Total emissions,162053.03125,prediction
2026-08-20 23:35:00,2026-08-21 20:35:00,India,Total emissions,161984.4375,prediction
2026-08-20 23:35:00,2026-08-21 21:35:00,India,Total emissions,162157.109375,prediction
2026-08-20 23:35:00,2026-08-21 22:35:00,India,Total emissions,162395.328125,prediction
2026-08-20 23:35:00,2026-08-21 23:35:00,India,Total emissions,161817.625,prediction
2026-08-20 23:35:00,2026-08-21 00:35:00,India,Total emissions,162180.984375,prediction
2026-08-20 23:35:00,2026-08-21 01:35:00,India,Total emissions,162143.125,prediction
2026-08-20 23:35:00,2026-08-21 02:35:00,India,Total emissions,162065.8125,prediction
2026-08-20 23:35:00,2026-08-21 03:35:00,India,Total emissions,162225.96875,prediction
2026-08-20 23:35:00,2026-08-21 04:35:00,India,Total emissions,162268.1875,prediction
2026-08-20 23:35:00,2026-08-21 05:35:00,India,Total emissions,162051.796875,prediction
2026-08-20 23:35:00,2026-08-21 06:35:00,India,Total emissions,162259.25,prediction
2026-08-20 23:35:00,2026-08-21 07:35:00,India,Total emissions,162223.28125,prediction
2026-08-20 23:35:00,2026-08-21 08:35:00,India,Total emissions,162085.984375,prediction
2026-08-20 23:35:00,2026-08-21 09:35:00,India,Total emissions,162169.28125,prediction
2026-08-20 23:35:00,2026-08-21 10:35:00,India,Total emissions,162031.46875,prediction
2026-08-20 23:35:00,2026-08-21 11:35:00,India,Total emissions,162054.921875,prediction
2026-08-20 23:35:00,2026-08-21 12:35:00,India,Total emissions,161889.765625,prediction
2026-08-20 23:35:00,2026-08-21 13:35:00,India,Total emissions,162125.828125,prediction
2026-08-20 23:35:00,2026-08-21 14:35:00,India,Total emissions,161961.609375,prediction
2026-08-20 23:35:00,2026-08-21 15:35:00,India,Total emissions,162246.21875,prediction
2026-08-20 23:35:00,2026-08-21 16:35:00,India,Total emissions,162228.828125,prediction
2026-08-20 23:35:00,2026-08-21 17:35:00,India,Total emissions,162052.953125,prediction
2026-08-20 23:35:00,2026-08-21 18:35:00,India,Total emissions,161701.59375,prediction
2026-08-20 23:35:00,2026-08-21 19:35:00,India,Total emissions,162053.03125,prediction
2026-08-20 23:35:00,2026-08-21 20:35:00,India,Total emissions,161984.4375,prediction
2026-08-20 23:35:00,2026-08-21 21:35:00,India,Total emissions,162157.109375,prediction
2026-08-20 23:35:00,2026-08-21 22:35:00,India,Total emissions,162395.328125,prediction
2026-08-20 23:35:00,2026-08-21 23:35:00,India,Total emissions,161817.625,prediction
2026-08-20 23:35:00,2026-08-21 00:35:00,India,Total emissions,162180.984375,prediction
2026-08-20 23:35:00,2026-08-21 01:35:00,India,Total emissions,162143.125,prediction
2026-08-20 23:35:00,2026-08-21 02:35:00,India,Total emissions,162065.8125,prediction
2026-08-20 23:35:00,2026-08-21 03:35:00,India,Total emissions,162225.96875,prediction
2026-08-20 23:35:00,2026-08-21 04:35:00,India,Total emissions,162268.1875,prediction
2026-08-20 23:35:00,2026-08-21 05:35:00,India,Total emissions,162051.796875,prediction
2026-08-20 23:35:00,2026-08-21 06:35:00,India,Total emissions,162259.25,prediction
2026-08-20 23:35:00,2026-08-21 07:35:00,India,Total emissions,162223.28125,prediction
2026-08-20 23:35:00,2026-08-21 08:35:00,India,Total emissions,162085.984375,prediction
2026-08-20 23:35:00,2026-08-21 09:35:00,India,Total emissions,162169.28125,prediction
2026-08-20 23:35:00,2026-08-21 10:35:00,India,Total emissions,162031.46875,prediction
2026-08-20 23:35:00,2026-08-21 11:35:00,India,Total emissions,162054.921875,prediction
2026-08-20 23:35:00,2026-08-21 12:35:00,India,Total emissions,161889.765625,prediction
2026-08-20 23:35:00,2026-08-21 13:35:00,India,Total emissions,162125.828125,prediction
2026-08-20 23:35:00,2026-08-21 14:35:00,India,Total emissions,161961.609375,prediction
2026-08-20 23:35:00,2026-08-21 15:35:00,India,Total emissions,162246.21875,prediction
2026-08-20 23:35:00,2026-08-21 16:35:00,India,Total emissions,162228.828125,prediction
2026-08-20 23:35:00,2026-08-21 17:35:00,India,Total emissions,162052.953125,prediction
2026-08-20 23:35:00,2026-08-21 18:35:00,India,Total emissions,161701.59375,prediction
2026-08-20 23:35:00,2026-08-21 19:35:00,India,Total emissions,162053.03125,prediction
2026-08-20 23:35:00,2026-08-21 20:35:00,India,Total emissions,161984.4375,prediction
2026-08-20 23:35:00,2026-08-21 21:35:00,India,Total emissions,162157.109375,prediction
2026-08-20 23:35:00,2026-08-21 22:35:00,India,Total emissions,162395.328125,prediction
2026-08-20 23:35:00,2026-08-21 23:35:00,India,Total emissions,161817.625,prediction
2026-08-20 23:35:00,2026-08-21 00:35:00,India,Total emissions,162180.984375,prediction
2026-08-20 23:35:00,2026-08-21 01:35:00,India,Total emissions,162143.125,prediction
2026-08-20 23:35:00,2026-08-21 02:35:00,India,Total emissions,162065.8125,prediction
2026-08-20 23:35:00,2026-08-21 03:35:00,India,Total emissions,162225.96875,prediction
2026-08-20 23:35:00,2026-08-21 04:35:00,India,Total emissions,162268.1875,prediction
2026-08-20 23:35:00,2026-08-21 05:35:00,India,Total emissions,162051.796875,prediction
2026-08-20 23:35:00,2026-08-21 06:35:00,India,Total emissions,162259.25,prediction
2026-08-20 23:35:00,2026-08-21 07:35:00,India,Total emissions,162223.28125,prediction
2026-08-20 23:35:00,2026-08-21 08:35:00,India,Total emissions,162085.984375,prediction
2026-08-20 23:35:00,2026-08-21 09:35:00,India,Total emissions,162169.28125,prediction
2026-08-20 23:35:00,2026-08-21 10:35:00,India,Total emissions,162031.46875,prediction
2026-08-20 23:35:00,2026-08-21 11:35:00,India,Total emissions,162054.921875,prediction
2026-08-20 23:35:00,2026-08-21 12:35:00,India,Total emissions,161889.765625,prediction
2026-08-20 23:35:00,2026-08-21 13:35:00,India,Total emissions,162125.828125,prediction
2026-08-20 23:35:00,2026-08-21 14:35:00,India,Total emissions,161961.609375,prediction
2026-08-20 23:35:00,2026-08-21 15:35:00,India,Total emissions,162246.21875,prediction
2026-08-20 23:35:00,2026-08-21 16:35:00,India,Total emissions,162228.828125,prediction
2026-08-20 23:35:00,2026-08-21 17:35:00,India,Total emissions,162052.953125,prediction
2026-08-20 23:35:00,2026-08-21 18:35:00,India,Total emissions,161701.59375,prediction
2026-08-20 23:35:00,2026-08-21 19:35:00,India,Total emissions,162053.03125,prediction
2026-08-20 23:35:00,2026-08-21 20:35:00,India,Total emissions,161984.4375,prediction
2026-08-20 23:35:00,2026-08-21 21:35:00,India,Total emissions,162157.109375,prediction
2026-08-20 23:35:00,2026-08-21 22:35:00,India,Total emissions,162395.328125,prediction
2026-08-20 23:35:00,2026-08-21 23:35:00,India,Total emissions,161817.625,prediction
2026-08-20 23:35:00,2026-08-21 00:35:00,India,Total emissions,162180.984375,prediction
2026-08-20 23:35:00,2026-08-21 01:35:00,India,Total emissions,162143.125,prediction
2026-08-20 23:35:00,2026-08-21 02:35:00,India,Total emissions,162065.8125,prediction
2026-08-20 23:35:00,2026-08-21 03:35:00,India,Total emissions,162225.96875,prediction
2026-08-20 23:35:00,2026-08-21 04:35:00,India,Total emissions,162268.1875,prediction
2026-08-20 23:35:00,2026-08-21 05:35:00,India,Total emissions,162051.796875,prediction
2026-08-20 23:35:00,2026-08-21 06:35:00,India,Total emissions,162259.25,prediction
2026-08-20 23:35:00,2026-08-21 07:35:00,India,Total emissions,162223.28125,prediction
2026-08-20 23:35:00,2026-08-21 08:35:00,India,Total emissions,162085.984375,prediction
2026-08-20 23:35:00,2026-08-21 09:35:00,India,Total emissions,162169.28125,prediction
2026-08-20 23:35:00,2026-08-21 10:35:00,India,Total emissions,162031.46875,prediction
2026-08-20 23:35:00,2026-08-21 11:35:00,India,Total emissions,162054.921875,prediction
2026-08-20 23:35:00,2026-08-21 12:35:00,India,Total emissions,161889.765625,prediction
2026-08-20 23:35:00,2026-08-21 13:35:00,India,Total emissions,162125.828125,prediction
2026-08-20 23:35:00,2026-08-21 14:35:00,India,Total emissions,161961.609375,prediction
2026-08-20 23:35:00,2026-08-21 15:35:00,India,Total emissions,162246.21875,prediction
2026-08-20 23:35:00,2026-08-21 16:35:00,India,Total emissions,162228.828125,prediction
2026-08-20 23:35:00,2026-08-21 17:35:00,India,Total emissions,162052.953125,prediction
2026-08-20 23:35:00,2026-08-21 18:35:00,India,Total emissions,161701.59375,prediction
2026-08-20 23:35:00,2026-08-21 19:35:00,India,Total emissions,162053.03125,prediction
2026-08-20 23:35:00,2026-08-21 20:35:00,India,Total emissions,161984.4375,prediction
2026-08-20 23:35:00,2026-08-21 21:35:00,India,Total emissions,162157.109375,prediction
2026-08-20 23:35:00,2026-08-21 22:35:00,India,Total emissions,162395.328125,prediction
2026-08-20 23:35:00,2026-08-21 23:35:00,India,Total emissions,161817.625,prediction
2026-08-20 23:35:00,2026-08-21 00:35:00,India,Total emissions,162180.984375,prediction
2026-08-20 23:35:00,2026-08-21 01:35:00,India,Total emissions,162143.125,prediction
2026-08-20 23:35:00,2026-08-21 02:35:00,India,Total emissions,162065.8125,prediction
2026-08-20 23:35:00,2026-08-21 03:35:00,India,Total emissions,162225.96875,prediction
2026-08-20 23:35:00,2026-08-21 04:35:00,India,Total emissions,162268.1875,prediction
2026-08-20 23:35:00,2026-08-21 05:35:00,India,Total emissions,162051.796875,prediction
2026-08-20 23:35:00,2026-08-21 06:35:00,India,Total emissions,162259.25,prediction
2026-08-20 23:35:00,2026-08-21 07:35:00,India,Total emissions,162223.28125,prediction
2026-08-20 23:35:00,2026-08-21 08:35:00,India,Total emissions,162085.984375,prediction
2026-08-20 23:35:00,2026-08-21 09:35:00,India,Total emissions,162169.28125,prediction
2026-08-20 23:35:00,2026-08-21 10:35:00,India,Total emissions,162031.46875,prediction
2026-08-20 23:35:00,2026-08-21 11:35:00,India,Total emissions,162054.921875,prediction
2026-08-20 23:35:00,2026-08-21 12:35:00,India,Total emissions,161889.765625,prediction
2026-08-20 23:35:00,2026-08-21 13:35:00,India,Total emissions,162125.828125,prediction
2026-08-20 23:35:00,2026-08-21 14:35:00,India,Total emissions,161961.609375,prediction
2026-08-20 23:35:00,2026-08-21 15:35:00,India,Total emissions,162246.21875,prediction
2026-08-20 23:35:00,2026-08-21 16:35:00,India,Total emissions,162228.828125,prediction
2026-08-20 23:35:00,2026-08-21 17:35:00,India,Total emissions,162052.953125,prediction
2026-08-20 23:35:00,2026-08-21 18:35:00,India,Total emissions,161701.59375,prediction
2026-08-20 23:35:00,2026-08-21 19:35:00,India,Total emissions,162053.03125,prediction
2026-08-20 23:35:00,2026-08-21 20:35:00,India,Total emissions,161984.4375,prediction
2026-08-20 23:35:00,2026-08-21 21:35:00,India,Total emissions,162157.109375,prediction
2026-08-20 23:35:00,2026-08-21 22:35:00,India,Total emissions,162395.328125,prediction
2026-08-20 23:35:00,2026-08-21 23:35:00,India,Total emissions,161817.625,prediction
2026-08-20 23:35:00,2026-08-21 00:35:00,India,Total emissions,162180.984375,prediction
2026-08-20 23:35:00,2026-08-21 01:35:00,India,Total emissions,162143.125,prediction
2026-08-20 23:35:00,2026-08-21 02:35:00,India,Total emissions,162065.8125,prediction
2026-08-20 23:35:00,2026-08-21 03:35:00,India,Total emissions,162225.96875,prediction
2026-08-20 23:35:00,2026-08-21 04:35:00,India,Total emissions,162268.1875,prediction
2026-08-20 23:35:00,2026-08-21 05:35:00,India,Total emissions,162051.796875,prediction
2026-08-20 23:35:00,2026-08-21 06:35:00,India,Total emissions,162259.25,prediction
2026-08-20 23:35:00,2026-08-21 07:35:00,India,Total emissions,162223.28125,prediction
2026-08-20 23:35:00,2026-08-21 08:35:00,India,Total emissions,162085.984375,prediction
2026-08-20 23:35:00,2026-08-21 09:35:00,India,Total emissions,162169.28125,prediction
2026-08-20 23:35:00,2026-08-21 10:35:00,India,Total emissions,162031.46875,prediction
2026-08-20 23:35:00,2026-08-21 11:35:00,India,Total emissions,162054.921875,prediction
2026-08-20 23:35:00,2026-08-21 12:35:00,India,Total emissions,161889.765625,prediction
2026-08-20 23:35:00,2026-08-21 13:35:00,India,Total emissions,162125.828125,prediction
2026-08-20 23:35:00,2026-08-21 14:35:00,India,Total emissions,161961.609375,prediction
2026-08-20 23:35:00,2026-08-21 15:35:00,India,Total emissions,162246.21875,prediction
2026-08-20 23:35:00,2026-08-21 16:35:00,India,Total emissions,162228.828125,prediction
2026-08-20 23:35:00,2026-08-21 17:35:00,India,Total emissions,162052.953125,prediction
2026-08-20 23:35:00,2026-08-21 18:35:00,India,Total emissions,161701.59375,prediction
2026-08-20 23:35:00,2026-08-21 19:35:00,India,Total emissions,162053.03125,prediction
2026-08-20 23:35:00,2026-08-21 20:35:00,India,Total emissions,161984.4375,prediction
2026-08-20 23:35:00,2026-08-21 21:35:00,India,Total emissions,162157.109375,prediction
2026-08-20 23:35:00,2026-08-21 22:35:00,India,Total emissions,162395.328125,prediction
2026-08-20 23:35:00,2026-08-21 23:35:00,India,Total emissions,161817.625,prediction
2026-08-20 23:35:00,2026-08-21 00:35:00,India,Total emissions,162180.984375,prediction
2026-08-20 23:35:00,2026-08-21 01:35:00,India,Total emissions,162143.125,prediction
2026-08-20 23:35:00,2026-08-21 02:35:00,India,Total emissions,162065.8125,prediction
2026-08-20 23:35:00,2026-08-21 03:35:00,India,Total emissions,162225.96875,prediction
2026-08-20 23:35:00,2026-08-21 04:35:00,India,Total emissions,162268.1875,prediction
2026-08-20 23:35:00,2026-08-21 05:35:00,India,Total emissions,162051.796875,prediction
2026-08-20 23:35:00,2026-08-21 06:35:00,India,Total emissions,162259.25,prediction
2026-08-20 23:35:00,2026-08-21 07:35:00,India,Total emissions,162223.28125,prediction
2026-08-20 23:35:00,2026-08-21 08:35:00,India,Total emissions,162085.984375,prediction
2026-08-20 23:35:00,2026-08-21 09:35:00,India,Total emissions,162169.28125,prediction
2026-08-20 23:35:00,2026-08-21 10:35:00,India,Total emissions,162031.46875,prediction
2026-08-20 23:35:00,2026-08-21 11:35:00,India,Total emissions,162054.921875,prediction
2026-08-20 23:35:00,2026-08-21 12:35:00,India,Total emissions,161889.765625,prediction
2026-08-20 23:35:00,2026-08-21 13:35:00,India,Total emissions,162125.828125,prediction
2026-08-20 23:35:00,2026-08-21 14:35:00,India,Total emissions,161961.609375,prediction
2026-08-20 23:35:00,2026-08-21 15:35:00,India,Total emissions,162246.21875,prediction
2026-08-20 23:35:00,2026-08-21 16:35:00,India,Total emissions,162228.828125,prediction
2026-08-20 23:35:00,2026-08-21 17:35:00,India,Total emissions,162052.953125,prediction
2026-08-20 23:35:00,2026-08-21 18:35:00,India,Total emissions,161701.59375,prediction
2026-08-20 23:35:00,2026-08-21 19:35:00,India,Total emissions,162053.03125,prediction
2026-08-20 23:35:00,2026-08-21 20:35:00,India,Total emissions,161984.4375,prediction
2026-08-20 23:35:00,2026-08-21 21:35:00,India,Total emissions,162157.109375,prediction
2026-08-20 23:35:00,2026-08-21 22:35:00,India,Total emissions,162395.328125,prediction
2026-08-20 23:35:00,2026-08-21 23:35:00,India,Total emissions,161817.625,prediction
2026-08-20 23:35:00,2026-08-21 00:35:00,India,Total emissions,162180.984375,prediction
2026-08-20 23:35:00,2026-08-21 01:35:00,India,Total emissions,162143.125,prediction
2026-08-20 23:35:00,2026-08-21 02:35:00,India,Total emissions,162065.8125,prediction
2026-08-20 23:35:00,2026-08-21 03:35:00,India,Total emissions,162225.96875,prediction
2026-08-20 23:35:00,2026-08-21 04:35:00,India,Total emissions,162268.1875,prediction
2026-08-20 23:35:00,2026-08-21 05:35:00,India,Total emissions,162051.796875,prediction
2026-08-20 23:35:00,2026-08-21 06:35:00,India,Total emissions,162259.25,prediction
2026-08-20 23:35:00,2026-08-21 07:35:00,India,Total emissions,162223.28125,prediction
2026-08-20 23:35:00,2026-08-21 08:35:00,India,Total emissions,162085.984375,prediction
2026-08-20 23:35:00,2026-08-21 09:35:00,India,Total emissions,162169.28125,prediction
2026-08-20 23:35:00,2026-08-21 10:35:00,India,Total emissions,162031.46875,prediction
2026-08-20 23:35:00,2026-08-21 11:35:00,India,Total emissions,162054.921875,prediction
2026-08-20 23:35:00,2026-08-21 12:35:00,India,Total emissions,161889.765625,prediction
2026-08-20 23:35:00,2026-08-21 13:35:00,India,Total emissions,162125.828125,prediction
2026-08-20 23:35:00,2026-08-21 14:35:00,India,Total emissions,161961.609375,prediction
2026-08-20 23:35:00,2026-08-21 15:35:00,India,Total emissions,162246.21875,prediction
2026-08-20 23:35:00,2026-08-21 16:35:00,India,Total emissions,162228.828125,prediction
2026-08-20 23:35:00,2026-08-21 17:35:00,India,Total emissions,162052.953125,prediction
2026-08-20 23:35:00,2026-08-21 18:35:00,India,Total emissions,161701.59375,prediction
2026-08-20 23:35:00,2026-08-21 19:35:00,India,Total emissions,162053.03125,prediction
2026-08-20 23:35:00,2026-08-21 20:35:00,India,Total emissions,161984.4375,prediction
2026-08-20 23:35:00,2026-08-21 21:35:00,India,Total emissions,162157.109375,prediction
2026-08-20 23:35:00,2026-08-21 22:35:00,India,Total emissions,162395.328125,prediction
2026-08-20 23:35:00,2026-08-21 23:35:00,India,Total emissions,161817.625,prediction
2026-08-20 23:35:00,2026-08-21 00:35:00,India,Total emissions,162180.984375,prediction
2026-08-20 23:35:00,2026-08-21 01:35:00,India,Total emissions,162143.125,prediction
2026-08-20 23:35:00,2026-08-21 02:35:00,India,Total emissions,162065.8125,prediction
2026-08-20 23:35:00,2026-08-21 03:35:00,India,Total emissions,162225.96875,prediction
2026-08-20 23:35:00,2026-08-21 04:35:00,India,Total emissions,162268.1875,prediction
2026-08-20 23:35:00,2026-08-21 05:35:00,India,Total emissions,162051.796875,prediction
2026-08-20 23:35:00,2026-08-21 06:35:00,India,Total emissions,162259.25,prediction
2026-08-20 23:35:00,2026-08-21 07:35:00,India,Total emissions,162223.28125,prediction
2026-08-20 23:35:00,2026-08-21 08:35:00,India,Total emissions,162085.984375,prediction
2026-08-20 23:35:00,2026-08-21 09:35:00,India,Total emissions,162169.28125,prediction
2026-08-20 23:35:00,2026-08-21 10:35:00,India,Total emissions,162031.46875,prediction
2026-08-20 23:35:00,2026-08-21 11:35:00,India,Total emissions,162054.921875,prediction
2026-08-20 23:35:00,2026-08-21 12:35:00,India,Total emissions,161889.765625,prediction
2026-08-20 23:35:00,2026-08-21 13:35:00,India,Total emissions,162125.828125,prediction
2026-08-20 23:35:00,2026-08-21 14:35:00,India,Total emissions,161961.609375,prediction
2026-08-20 23:35:00,2026-08-21 15:35:00,India,Total emissions,162246.21875,prediction
2026-08-20 23:35:00,2026-08-21 16:35:00,India,Total emissions,162228.828125,prediction
2026-08-20 23:35:00,2026-08-21 17:35:00,India,Total emissions,162052.953125,prediction
2026-08-20 23:35:00,2026-08-21 18:35:00,India,Total emissions,161701.59375,prediction
2026-08-20 23:35:00,2026-08-21 19:35:00,India,Total emissions,162053.03125,prediction
2026-08-20 23:35:00,2026-08-21 20:35:00,India,Total emissions,161984.4375,prediction
2026-08-20 23:35:00,2026-08-21 21:35:00,India,Total emissions,162157.109375,prediction
2026-08-20 23:35:00,2026-08-21 22:35:00,India,Total emissions,162395.328125,prediction
2026-08-20 23:35:00,2026-08-21 23:35:00,India,Total emissions,161817.625,prediction
2026-08-20 23:35:00,2026-08-21 00:35:00,India,Total emissions,162180.984375,prediction
2026-08-20 23:35:00,2026-08-21 01:35:00,India,Total emissions,162143.125,prediction
2026-08-20 23:35:00,2026-08-21 02:35:00,India,Total emissions,162065.8125,prediction
2026-08-20 23:35:00,2026-08-21 03:35:00,India,Total emissions,162225.96875,prediction
2026-08-20 23:35:00,2026-08-21 04:35:00,India,Total emissions,162268.1875,prediction
2026-08-20 23:35:00,2026-08-21 05:35:00,India,Total emissions,162051.796875,prediction
2026-08-20 23:35:00,2026-08-21 06:35:00,India,Total emissions,162259.25,prediction
2026-08-20 23:35:00,2026-08-21 07:35:00,India,Total emissions,162223.28125,prediction
2026-08-20 23:35:00,2026-08-21 08:35:00,India,Total emissions,162085.984375,prediction
2026-08-20 23:35:00,2026-08-21 09:35:00,India,Total emissions,162169.28125,prediction
2026-08-20 23:35:00,2026-08-21 10:35:00,India,Total emissions,162031.46875,prediction
2026-08-20 23:35:00,2026-08-21 11:35:00,India,Total emissions,162054.921875,prediction
2026-08-20 23:35:00,2026-08-21 12:35:00,India,Total emissions,161889.765625,prediction
2026-08-20 23:35:00,2026-08-21 13:35:00,India,Total emissions,162125.828125,prediction
2026-08-20 23:35:00,2026-08-21 14:35:00,India,Total emissions,161961.609375,prediction
2026-08-20 23:35:00,2026-08-21 15:35:00,India,Total emissions,162246.21875,prediction
2026-08-20 23:35:00,2026-08-21 16:35:00,India,Total emissions,162228.828125,prediction
2026-08-20 23:35:00,2026-08-21 17:35:00,India,Total emissions,162052.953125,prediction
2026-08-20 23:35:00,2026-08-21 18:35:00,India,Total emissions,161701.59375,prediction
2026-08-20 23:35:00,2026-08-21 19:35:00,India,Total emissions,162053.03125,prediction
2026-08-20 23:35:00,2026-08-21 20:35:00,India,Total emissions,161984.4375,prediction
2026-08-20 23:35:00,2026-08-21 21:35:00,India,Total emissions,162157.109375,prediction
2026-08-20 23:35:00,2026-08-21 22:35:00,India,Total emissions,162395.328125,prediction
2026-08-20 23:35:00,2026-08-21 23:35:00,India,Total emissions,161817.625,prediction
2026-08-20 23:35:00,2026-08-21 00:35:00,India,Total emissions,162180.984375,prediction
2026-08-20 23:35:00,2026-08-21 01:35:00,India,Total emissions,162143.125,prediction
2026-08-20 23:35:00,2026-08-21 02:35:00,India,Total emissions,162065.8125,prediction
2026-08-20 23:35:00,2026-08-21 03:35:00,India,Total emissions,162225.96875,prediction
2026-08-20 23:35:00,2026-08-21 04:35:00,India,Total emissions,162268.1875,prediction
2026-08-20 23:35:00,2026-08-21 05:35:00,India,Total emissions,162051.796875,prediction
2026-08-20 23:35:00,2026-08-21 06:35:00,India,Total emissions,162259.25,prediction
2026-08-20 23:35:00,2026-08-21 07:35:00,India,Total emissions,162223.28125,prediction
2026-08-20 23:35:00,2026-08-21 08:35:00,India,Total emissions,162085.984375,prediction
2026-08-20 23:35:00,2026-08-21 09:35:00,India,Total emissions,162169.28125,prediction
2026-08-20 23:35:00,2026-08-21 10:35:00,India,Total emissions,162031.46875,prediction
2026-08-20 23:35:00,2026-08-21 11:35:00,India,Total emissions,162054.921875,prediction
2026-08-20 23:35:00,2026-08-21 12:35:00,India,Total emissions,161889.765625,prediction
2026-08-20 23:35:00,2026-08-21 13:35:00,India,Total emissions,162125.828125,prediction
2026-08-20 23:35:00,2026-08-21 14:35:00,India,Total emissions,161961.609375,prediction
2026-08-20 23:35:00,2026-08-21 15:35:00,India,Total emissions,162246.21875,prediction
2026-08-20 23:35:00,2026-08-21 16:35:00,India,Total emissions,162228.828125,prediction
2026-08-20 23:35:00,2026-08-21 17:35:00,India,Total emissions,162052.953125,prediction
2026-08-20 23:35:00,2026-08-21 18:35:00,India,Total emissions,161701.59375,prediction
2026-08-20 23:35:00,2026-08-21 19:35:00,India,Total emissions,162053.03125,prediction
2026-08-20 23:35:00,2026-08-21 20:35:00,India,Total emissions,161984.4375,prediction
2026-08-20 23:35:00,2026-08-21 21:35:00,India,Total emissions,162157.109375,prediction
2026-08-20 23:35:00,2026-08-21 22:35:00,India,Total emissions,162395.328125,prediction
2026-08-20 23:35:00,2026-08-21 23:35:00,India,Total emissions,161817.625,prediction
2026-08-20 23:35:00,2026-08-21 00:35:00,India,Total emissions,162180.984375,prediction
2026-08-20 23:35:00,2026-08-21 01:35:00,India,Total emissions,162143.125,prediction
2026-08-20 23:35:00,2026-08-21 02:35:00,India,Total emissions,162065.8125,prediction
2026-08-20 23:35:00,2026-08-21 03:35:00,India,Total emissions,162225.96875,prediction
2026-08-20 23:35:00,2026-08-21 04:35:00,India,Total emissions,162268.1875,prediction
2026-08-20 23:35:00,2026-08-21 05:35:00,India,Total emissions,162051.796875,prediction
2026-08-20 23:35:00,2026-08-21 06:35:00,India,Total emissions,162259.25,prediction
2026-08-20 23:35:00,2026-08-21 07:35:00,India,Total emissions,162223.28125,prediction
2026-08-20 23:35:00,2026-08-21 08:35:00,India,Total emissions,162085.984375,prediction
2026-08-20 23:35:00,2026-08-21 09:35:00,India,Total emissions,162169.28125,prediction
2026-08-20 23:35:00,2026-08-21 10:35:00,India,Total emissions,162031.46875,prediction
2026-08-20 23:35:00,2026-08-21 11:35:00,India,Total emissions,162054.921875,prediction
2026-08-20 23:35:00,2026-08-21 12:35:00,India,Total emissions,161889.765625,prediction
2026-08-20 23:35:00,2026-08-21 13:35:00,India,Total emissions,162125.828125,prediction
2026-08-20 23:35:00,2026-08-21 14:35:00,India,Total emissions,161961.609375,prediction
2026-08-20 23:35:00,2026-08-21 15:35:00,India,Total emissions,162246.21875,prediction
2026-08-20 23:35:00,2026-08-21 16:35:00,India,Total emissions,162228.828125,prediction
2026-08-20 23:35:00,2026-08-21 17:35:00,India,Total emissions,162052.953125,prediction
2026-08-20 23:35:00,2026-08-21 18:35:00,India,Total emissions,161701.59375,prediction
2026-08-20 23:35:00,2026-08-21 19:35:00,India,Total emissions,162053.03125,prediction
2026-08-20 23:35:00,2026-08-21 20:35:00,India,Total emissions,161984.4375,prediction
2026-08-20 23:35:00,2026-08-21 21:35:00,India,Total emissions,162157.109375,prediction
2026-08-20 23:35:00,2026-08-21 22:35:00,India,Total emissions,162395.328125,prediction
2026-08-20 23:35:00,2026-08-21 23:35:00,India,Total emissions,161817.625,prediction
2026-08-20 23:35:00,2026-08-21 00:35:00,India,Total emissions,162180.984375,prediction
2026-08-20 23:35:00,2026-08-21 01:35:00,India,Total emissions,162143.125,prediction
2026-08-20 23:35:00,2026-08-21 02:35:00,India,Total emissions,162065.8125,prediction
2026-08-20 23:35:00,2026-08-21 03:35:00,India,Total emissions,162225.96875,prediction
2026-08-20 23:35:00,2026-08-21 04:35:00,India,Total emissions,162268.1875,prediction
2026-08-20 23:35:00,2026-08-21 05:35:00,India,Total emissions,162051.796875,prediction
2026-08-20 23:35:00,2026-08-21 06:35:00,India,Total emissions,162259.25,prediction
2026-08-20 23:35:00,2026-08-21 07:35:00,India,Total emissions,162223.28125,prediction
2026-08-20 23:35:00,2026-08-21 08:35:00,India,Total emissions,162085.984375,prediction
2026-08-20 23:35:00,2026-08-21 09:35:00,India,Total emissions,162169.28125,prediction
2026-08-20 23:35:00,2026-08-21 10:35:00,India,Total emissions,162031.46875,prediction
2026-08-20 23:35:00,2026-08-21 11:35:00,India,Total emissions,162054.921875,prediction
2026-08-20 23:35:00,2026-08-21 12:35:00,India,Total emissions,161889.765625,prediction
2026-08-20 23:35:00,2026-08-21 13:35:00,India,Total emissions,162125.828125,prediction
2026-08-20 23:35:00,2026-08-21 14:35:00,India,Total emissions,161961.609375,prediction
2026-08-20 23:35:00,2026-08-21 15:35:00,India,Total emissions,162246.21875,prediction
2026-08-20 23:35:00,2026-08-21 16:35:00,India,Total emissions,162228.828125,prediction
2026-08-20 23:35:00,2026-08-21 17:35:00,India,Total emissions,162052.953125,prediction
2026-08-20 23:35:00,2026-08-21 18:35:00,India,Total emissions,161701.59375,prediction
2026-08-20 23:35:00,2026-08-21 19:35:00,India,Total emissions,162053.03125,prediction
2026-08-20 23:35:00,2026-08-21 20:35:00,India,Total emissions,161984.4375,prediction
2026-08-20 23:35:00,2026-08-21 21:35:00,India,Total emissions,162157.109375,prediction
2026-08-20 23:35:00,2026-08-21 22:35:00,India,Total emissions,162395.328125,prediction
2026-08-20 23:35:00,2026-08-21 23:35:00,India,Total emissions,161817.625,prediction
2026-08-20 23:35:00,2026-08-21 00:35:00,India,Total emissions,162180.984375,prediction
2026-08-20 23:35:00,2026-08-21 01:35:00,India,Total emissions,162143.125,prediction
2026-08-20 23:35:00,2026-08-21 02:35:00,India,Total emissions,162065.8125,prediction
2026-08-20 23:35:00,2026-08-21 03:35:00,India,Total emissions,162225.96875,prediction
2026-08-20 23:35:00,2026-08-21 04:35:00,India,Total emissions,162268.1875,prediction
2026-08-20 23:35:00,2026-08-21 05:35:00,India,Total emissions,162051.796875,prediction
2026-08-20 23:35:00,2026-08-21 06:35:00,India,Total emissions,162259.25,prediction
2026-08-20 23:35:00,2026-08-21 07:35:00,India,Total emissions,162223.28125,prediction
2026-08-20 23:35:00,2026-08-21 08:35:00,India,Total emissions,162085.984375,prediction
2026-08-20 23:35:00,2026-08-21 09:35:00,India,Total emissions,162169.28125,prediction
2026-08-20 23:35:00,2026-08-21 10:35:00,India,Total emissions,162031.46875,prediction
2026-08-20 23:35:00,2026-08-21 11:35:00,India,Total emissions,162054.921875,prediction
2026-08-20 23:35:00,2026-08-21 12:35:00,India,Total emissions,161889.765625,prediction
2026-08-20 23:35:00,2026-08-21 13:35:00,India,Total emissions,162125.828125,prediction
2026-08-20 23:35:00,2026-08-21 14:35:00,India,Total emissions,161961.609375,prediction
2026-08-20 23:35:00,2026-08-21 15:35:00,India,Total emissions,162246.21875,prediction
2026-08-20 23:35:00,2026-08-21 16:35:00,India,Total emissions,162228.828125,prediction
2026-08-20 23:35:00,2026-08-21 17:35:00,India,Total emissions,162052.953125,prediction
2026-08-20 23:35:00,2026-08-21 18:35:00,India,Total emissions,161701.59375,prediction
2026-08-20 23:35:00,2026-08-21 19:35:00,India,Total emissions,162053.03125,prediction
2026-08-20 23:35:00,2026-08-21 20:35:00,India,Total emissions,161984.4375,prediction
2026-08-20 23:35:00,2026-08-21 21:35:00,India,Total emissions,162157.109375,prediction
2026-08-20 23:35:00,2026-08-21 22:35:00,India,Total emissions,162395.328125,prediction
2026-08-20 23:35:00,2026-08-21 23:35:00,India,Total emissions,161817.625,prediction
2026-08-20 23:35:00,2026-08-21 00:35:00,India,Total emissions,162180.984375,prediction
2026-08-20 23:35:00,2026-08-21 01:35:00,India,Total emissions,162143.125,prediction
2026-08-20 23:35:00,2026-08-21 02:35:00,India,Total emissions,162065.8125,prediction
2026-08-20 23:35:00,2026-08-21 03:35:00,India,Total emissions,162225.96875,prediction
2026-08-20 23:35:00,2026-08-21 04:35:00,India,Total emissions,162268.1875,prediction
2026-08-20 23:35:00,2026-08-21 05:35:00,India,Total emissions,162051.796875,prediction
2026-08-20 23:35:00,2026-08-21 06:35:00,India,Total emissions,162259.25,prediction
2026-08-20 23:35:00,2026-08-21 07:35:00,India,Total emissions,162223.28125,prediction
2026-08-20 23:35:00,2026-08-21 08:35:00,India,Total emissions,162085.984375,prediction
2026-08-20 23:35:00,2026-08-21 09:35:00,India,Total emissions,162169.28125,prediction
2026-08-20 23:35:00,2026-08-21 10:35:00,India,Total emissions,162031.46875,prediction
2026-08-20 23:35:00,2026-08-21 11:35:00,India,Total emissions,162054.921875,prediction
2026-08-20 23:35:00,2026-08-21 12:35:00,India,Total emissions,161889.765625,prediction
2026-08-20 23:35:00,2026-08-21 13:35:00,India,Total emissions,162125.828125,prediction
2026-08-20 23:35:00,2026-08-21 14:35:00,India,Total emissions,161961.609375,prediction
2026-08-20 23:35:00,2026-08-21 15:35:00,India,Total emissions,162246.21875,prediction
2026-08-20 23:35:00,2026-08-21 16:35:00,India,Total emissions,162228.828125,prediction
2026-08-20 23:35:00,2026-08-21 17:35:00,India,Total emissions,162052.953125,prediction
2026-08-20 23:35:00,2026-08-21 18:35:00,India,Total emissions,161701.59375,prediction
2026-08-20 23:35:00,2026-08-21 19:35:00,India,Total emissions,162053.03125,prediction
2026-08-20 23:35:00,2026-08-21 20:35:00,India,Total emissions,161984.4375,prediction
2026-08-20 23:35:00,2026-08-21 21:35:00,India,Total emissions,162157.109375,prediction
2026-08-20 23:35:00,2026-08-21 22:35:00,India,Total emissions,162395.328125,prediction
2026-08-20 23:35:00,2026-08-21 23:35:00,India,Total emissions,161817.625,prediction
2026-08-20 23:35:00,2026-08-21 00:35:00,India,Total emissions,162180.984375,prediction
2026-08-20 23:35:00,2026-08-21 01:35:00,India,Total emissions,162143.125,prediction
2026-08-20 23:35:00,2026-08-21 02:35:00,India,Total emissions,162065.8125,prediction
2026-08-20 23:35:00,2026-08-21 03:35:00,India,Total emissions,162225.96875,prediction
2026-08-20 23:35:00,2026-08-21 04:35:00,India,Total emissions,162268.1875,prediction
2026-08-20 23:35:00,2026-08-21 05:35:00,India,Total emissions,162051.796875,prediction
2026-08-20 23:35:00,2026-08-21 06:35:00,India,Total emissions,162259.25,prediction
2026-08-20 23:35:00,2026-08-21 07:35:00,India,Total emissions,162223.28125,prediction
2026-08-20 23:35:00,2026-08-21 08:35:00,India,Total emissions,162085.984375,prediction
2026-08-20 23:35:00,2026-08-21 09:35:00,India,Total emissions,162169.28125,prediction
2026-08-20 23:35:00,2026-08-21 10:35:00,India,Total emissions,162031.46875,prediction
2026-08-20 23:35:00,2026-08-21 11:35:00,India,Total emissions,162054.921875,prediction
2026-08-20 23:35:00,2026-08-21 12:35:00,India,Total emissions,161889.765625,prediction
2026-08-20 23:35:00,2026-08-21 13:35:00,India,Total emissions,162125.828125,prediction
2026-08-20 23:35:00,2026-08-21 14:35:00,India,Total emissions,161961.609375,prediction
2026-08-20 23:35:00,2026-08-21 15:35:00,India,Total emissions,162246.21875,prediction
2026-08-20 23:35:00,2026-08-21 16:35:00,India,Total emissions,162228.828125,prediction
2026-08-20 23:35:00,2026-08-21 17:35:00,India,Total emissions,162052.953125,prediction
2026-08-20 23:35:00,2026-08-21 18:35:00,India,Total emissions,161701.59375,prediction
2026-08-20 23:35:00,2026-08-21 19:35:00,India,Total emissions,162053.03125,prediction
2026-08-20 23:35:00,2026-08-21 20:35:00,India,Total emissions,161984.4375,prediction
2026-08-20 23:35:00,2026-08-21 21:35:00,India,Total emissions,162157.109375,prediction
2026-08-20 23:35:00,2026-08-21 22:35:00,India,Total emissions,162395.328125,prediction
2026-08-20 23:35:00,2026-08-21 23:35:00,India,Total emissions,161817.625,prediction
2026-08-20 23:35:00,2026-08-21 00:35:00,India,Total emissions,162180.984375,prediction
2026-08-20 23:35:00,2026-08-21 01:35:00,India,Total emissions,162143.125,prediction
2026-08-20 23:35:00,2026-08-21 02:35:00,India,Total emissions,162065.8125,prediction
2026-08-20 23:35:00,2026-08-21 03:35:00,India,Total emissions,162225.96875,prediction
2026-08-20 23:35:00,2026-08-21 04:35:00,India,Total emissions,162268.1875,prediction
2026-08-20 23:35:00,2026-08-21 05:35:00,India,Total emissions,162051.796875,prediction
2026-08-20 23:35:00,2026-08-21 06:35:00,India,Total emissions,162259.25,prediction
2026-08-20 23:35:00,2026-08-21 07:35:00,India,Total emissions,162223.28125,prediction
2026-08-20 23:35:00,2026-08-21 08:35:00,India,Total emissions,162085.984375,prediction
2026-08-20 23:35:00,2026-08-21 09:35:00,India,Total emissions,162169.28125,prediction
2026-08-20 23:35:00,2026-08-21 10:35:00,India,Total emissions,162031.46875,prediction
2026-08-20 23:35:00,2026-08-21 11:35:00,India,Total emissions,162054.921875,prediction
2026-08-20 23:35:00,2026-08-21 12:35:00,India,Total emissions,161889.765625,prediction
2026-08-20 23:35:00,2026-08-21 13:35:00,India,Total emissions,162125.828125,prediction
2026-08-20 23:35:00,2026-08-21 14:35:00,India,Total emissions,161961.609375,prediction
2026-08-20 23:35:00,2026-08-21 15:35:00,India,Total emissions,162246.21875,prediction
2026-08-20 23:35:00,2026-08-21 16:35:00,India,Total emissions,162228.828125,prediction
2026-08-20 23:35:00,2026-08-21 17:35:00,India,Total emissions,162052.953125,prediction
2026-08-20 23:35:00,2026-08-21 18:35:00,India,Total emissions,161701.59375,prediction
2026-08-20 23:35:00,2026-08-21 19:35:00,India,Total emissions,162053.03125,prediction
2026-08-20 23:35:00,2026-08-21 20:35:00,India,Total emissions,161984.4375,prediction
2026-08-20 23:35:00,2026-08-21 21:35:00,India,Total emissions,162157.109375,prediction
2026-08-20 23:35:00,2026-08-21 22:35:00,India,Total emissions,162395.328125,prediction
2026-08-20 23:35:00,2026-08-21 23:35:00,India,Total emissions,161817.625,prediction
2026-08-20 23:36:00,2026-08-21 00:36:00,India,Total emissions,162180.984375,prediction
2026-08-20 23:36:00,2026-08-21 01:36:00,India,Total emissions,162143.125,prediction
2026-08-20 23:36:00,2026-08-21 02:36:00,India,Total emissions,162065.8125,prediction
2026-08-20 23:36:00,2026-08-21 03:36:00,India,Total emissions,162225.96875,prediction
2026-08-20 23:36:00,2026-08-21 04:36:00,India,Total emissions,162268.1875,prediction
2026-08-20 23:36:00,2026-08-21 05:36:00,India,Total emissions,162051.796875,prediction
2026-08-20 23:36:00,2026-08-21 06:36:00,India,Total emissions,162259.25,prediction
2026-08-20 23:36:00,2026-08-21 07:36:00,India,Total emissions,162223.28125,prediction
2026-08-20 23:36:00,2026-08-21 08:36:00,India,Total emissions,162085.984375,prediction
2026-08-20 23:36:00,2026-08-21 09:36:00,India,Total emissions,162169.28125,prediction
2026-08-20 23:36:00,2026-08-21 10:36:00,India,Total emissions,162031.46875,prediction
2026-08-20 23:36:00,2026-08-21 11:36:00,India,Total emissions,162054.921875,prediction
2026-08-20 23:36:00,2026-08-21 12:36:00,India,Total emissions,161889.765625,prediction
2026-08-20 23:36:00,2026-08-21 13:36:00,India,Total emissions,162125.828125,prediction
2026-08-20 23:36:00,2026-08-21 14:36:00,India,Total emissions,161961.609375,prediction
2026-08-20 23:36:00,2026-08-21 15:36:00,India,Total emissions,162246.21875,prediction
2026-08-20 23:36:00,2026-08-21 16:36:00,India,Total emissions,162228.828125,prediction
2026-08-20 23:36:00,2026-08-21 17:36:00,India,Total emissions,162052.953125,prediction
2026-08-20 23:36:00,2026-08-21 18:36:00,India,Total emissions,161701.59375,prediction
2026-08-20 23:36:00,2026-08-21 19:36:00,India,Total emissions,162053.03125,prediction
2026-08-20 23:36:00,2026-08-21 20:36:00,India,Total emissions,161984.4375,prediction
2026-08-20 23:36:00,2026-08-21 21:36:00,India,Total emissions,162157.109375,prediction
2026-08-20 23:36:00,2026-08-21 22:36:00,India,Total emissions,162395.328125,prediction
2026-08-20 23:36:00,2026-08-21 23:36:00,India,Total emissions,161817.625,prediction
2026-08-20 23:36:00,2026-08-21 00:36:00,India,Total emissions,162180.984375,prediction
2026-08-20 23:36:00,2026-08-21 01:36:00,India,Total emissions,162143.125,prediction
2026-08-20 23:36:00,2026-08-21 02:36:00,India,Total emissions,162065.8125,prediction
2026-08-20 23:36:00,2026-08-21 03:36:00,India,Total emissions,162225.96875,prediction
2026-08-20 23:36:00,2026-08-21 04:36:00,India,Total emissions,162268.1875,prediction
2026-08-20 23:36:00,2026-08-21 05:36:00,India,Total emissions,162051.796875,prediction
2026-08-20 23:36:00,2026-08-21 06:36:00,India,Total emissions,162259.25,prediction
2026-08-20 23:36:00,2026-08-21 07:36:00,India,Total emissions,162223.28125,prediction
2026-08-20 23:36:00,2026-08-21 08:36:00,India,Total emissions,162085.984375,prediction
2026-08-20 23:36:00,2026-08-21 09:36:00,India,Total emissions,162169.28125,prediction
2026-08-20 23:36:00,2026-08-21 10:36:00,India,Total emissions,162031.46875,prediction
2026-08-20 23:36:00,2026-08-21 11:36:00,India,Total emissions,162054.921875,prediction
2026-08-20 23:36:00,2026-08-21 12:36:00,India,Total emissions,161889.765625,prediction
2026-08-20 23:36:00,2026-08-21 13:36:00,India,Total emissions,162125.828125,prediction
2026-08-20 23:36:00,2026-08-21 14:36:00,India,Total emissions,161961.609375,prediction
2026-08-20 23:36:00,2026-08-21 15:36:00,India,Total emissions,162246.21875,prediction
2026-08-20 23:36:00,2026-08-21 16:36:00,India,Total emissions,162228.828125,prediction
2026-08-20 23:36:00,2026-08-21 17:36:00,India,Total emissions,162052.953125,prediction
2026-08-20 23:36:00,2026-08-21 18:36:00,India,Total emissions,161701.59375,prediction
2026-08-20 23:36:00,2026-08-21 19:36:00,India,Total emissions,162053.03125,prediction
2026-08-20 23:36:00,2026-08-21 20:36:00,India,Total emissions,161984.4375,prediction
2026-08-20 23:36:00,2026-08-21 21:36:00,India,Total emissions,162157.109375,prediction
2026-08-20 23:36:00,2026-08-21 22:36:00,India,Total emissions,162395.328125,prediction
2026-08-20 23:36:00,2026-08-21 23:36:00,India,Total emissions,161817.625,prediction
2026-08-20 23:37:00,2026-08-21 00:37:00,India,Total emissions,162180.984375,prediction
2026-08-20 23:37:00,2026-08-21 01:37:00,India,Total emissions,162143.125,prediction
2026-08-20 23:37:00,2026-08-21 02:37:00,India,Total emissions,162065.8125,prediction
2026-08-20 23:37:00,2026-08-21 03:37:00,India,Total emissions,162225.96875,prediction
2026-08-20 23:37:00,2026-08-21 04:37:00,India,Total emissions,162268.1875,prediction
2026-08-20 23:37:00,2026-08-21 05:37:00,India,Total emissions,162051.796875,prediction
2026-08-20 23:37:00,2026-08-21 06:37:00,India,Total emissions,162259.25,prediction
2026-08-20 23:37:00,2026-08-21 07:37:00,India,Total emissions,162223.28125,prediction
2026-08-20 23:37:00,2026-08-21 08:37:00,India,Total emissions,162085.984375,prediction
2026-08-20 23:37:00,2026-08-21 09:37:00,India,Total emissions,162169.28125,prediction
2026-08-20 23:37:00,2026-08-21 10:37:00,India,Total emissions,162031.46875,prediction
2026-08-20 23:37:00,2026-08-21 11:37:00,India,Total emissions,162054.921875,prediction
2026-08-20 23:37:00,2026-08-21 12:37:00,India,Total emissions,161889.765625,prediction
2026-08-20 23:37:00,2026-08-21 13:37:00,India,Total emissions,162125.828125,prediction
2026-08-20 23:37:00,2026-08-21 14:37:00,India,Total emissions,161961.609375,prediction
2026-08-20 23:37:00,2026-08-21 15:37:00,India,Total emissions,162246.21875,prediction
2026-08-20 23:37:00,2026-08-21 16:37:00,India,Total emissions,162228.828125,prediction
2026-08-20 23:37:00,2026-08-21 17:37:00,India,Total emissions,162052.953125,prediction
2026-08-20 23:37:00,2026-08-21 18:37:00,India,Total emissions,161701.59375,prediction
2026-08-20 23:37:00,2026-08-21 19:37:00,India,Total emissions,162053.03125,prediction
2026-08-20 23:37:00,2026-08-21 20:37:00,India,Total emissions,161984.4375,prediction
2026-08-20 23:37:00,2026-08-21 21:37:00,India,Total emissions,162157.109375,prediction
2026-08-20 23:37:00,2026-08-21 22:37:00,India,Total emissions,162395.328125,prediction
2026-08-20 23:37:00,2026-08-21 23:37:00,India,Total emissions,161817.625,prediction
2026-08-20 23:37:00,2026-08-21 00:37:00,India,Total emissions,162180.984375,prediction
2026-08-20 23:37:00,2026-08-21 01:37:00,India,Total emissions,162143.125,prediction
2026-08-20 23:37:00,2026-08-21 02:37:00,India,Total emissions,162065.8125,prediction
2026-08-20 23:37:00,2026-08-21 03:37:00,India,Total emissions,162225.96875,prediction
2026-08-20 23:37:00,2026-08-21 04:37:00,India,Total emissions,162268.1875,prediction
2026-08-20 23:37:00,2026-08-21 05:37:00,India,Total emissions,162051.796875,prediction
2026-08-20 23:37:00,2026-08-21 06:37:00,India,Total emissions,162259.25,prediction
2026-08-20 23:37:00,2026-08-21 07:37:00,India,Total emissions,162223.28125,prediction
2026-08-20 23:37:00,2026-08-21 08:37:00,India,Total emissions,162085.984375,prediction
2026-08-20 23:37:00,2026-08-21 09:37:00,India,Total emissions,162169.28125,prediction
2026-08-20 23:37:00,2026-08-21 10:37:00,India,Total emissions,162031.46875,prediction
2026-08-20 23:37:00,2026-08-21 11:37:00,India,Total emissions,162054.921875,prediction
2026-08-20 23:37:00,2026-08-21 12:37:00,India,Total emissions,161889.765625,prediction
2026-08-20 23:37:00,2026-08-21 13:37:00,India,Total emissions,162125.828125,prediction
2026-08-20 23:37:00,2026-08-21 14:37:00,India,Total emissions,161961.609375,prediction
2026-08-20 23:37:00,2026-08-21 15:37:00,India,Total emissions,162246.21875,prediction
2026-08-20 23:37:00,2026-08-21 16:37:00,India,Total emissions,162228.828125,prediction
2026-08-20 23:37:00,2026-08-21 17:37:00,India,Total emissions,162052.953125,prediction
2026-08-20 23:37:00,2026-08-21 18:37:00,India,Total emissions,161701.59375,prediction
2026-08-20 23:37:00,2026-08-21 19:37:00,India,Total emissions,162053.03125,prediction
2026-08-20 23:37:00,2026-08-21 20:37:00,India,Total emissions,161984.4375,prediction
2026-08-20 23:37:00,2026-08-21 21:37:00,India,Total emissions,162157.109375,prediction
2026-08-20 23:37:00,2026-08-21 22:37:00,India,Total emissions,162395.328125,prediction
2026-08-20 23:37:00,2026-08-21 23:37:00,India,Total emissions,161817.625,prediction
2026-08-20 23:37:00,2026-08-21 00:37:00,India,Total emissions,162180.984375,prediction
2026-08-20 23:37:00,2026-08-21 01:37:00,India,Total emissions,162143.125,prediction
2026-08-20 23:37:00,2026-08-21 02:37:00,India,Total emissions,162065.8125,prediction
2026-08-20 23:37:00,2026-08-21 03:37:00,India,Total emissions,162225.96875,prediction
2026-08-20 23:37:00,2026-08-21 04:37:00,India,Total emissions,162268.1875,prediction
2026-08-20 23:37:00,2026-08-21 05:37:00,India,Total emissions,162051.796875,prediction
2026-08-20 23:37:00,2026-08-21 06:37:00,India,Total emissions,162259.25,prediction
2026-08-20 23:37:00,2026-08-21 07:37:00,India,Total emissions,162223.28125,prediction
2026-08-20 23:37:00,2026-08-21 08:37:00,India,Total emissions,162085.984375,prediction
2026-08-20 23:37:00,2026-08-21 09:37:00,India,Total emissions,162169.28125,prediction
2026-08-20 23:37:00,2026-08-21 10:37:00,India,Total emissions,162031.46875,prediction
2026-08-20 23:37:00,2026-08-21 11:37:00,India,Total emissions,162054.921875,prediction
2026-08-20 23:37:00,2026-08-21 12:37:00,India,Total emissions,161889.765625,prediction
2026-08-20 23:37:00,2026-08-21 13:37:00,India,Total emissions,162125.828125,prediction
2026-08-20 23:37:00,2026-08-21 14:37:00,India,Total emissions,161961.609375,prediction
2026-08-20 23:37:00,2026-08-21 15:37:00,India,Total emissions,162246.21875,prediction
2026-08-20 23:37:00,2026-08-21 16:37:00,India,Total emissions,162228.828125,prediction
2026-08-20 23:37:00,2026-08-21 17:37:00,India,Total emissions,162052.953125,prediction
2026-08-20 23:37:00,2026-08-21 18:37:00,India,Total emissions,161701.59375,prediction
2026-08-20 23:37:00,2026-08-21 19:37:00,India,Total emissions,162053.03125,prediction
2026-08-20 23:37:00,2026-08-21 20:37:00,India,Total emissions,161984.4375,prediction
2026-08-20 23:37:00,2026-08-21 21:37:00,India,Total emissions,162157.109375,prediction
2026-08-20 23:37:00,2026-08-21 22:37:00,India,Total emissions,162395.328125,prediction
2026-08-20 23:37:00,2026-08-21 23:37:00,India,Total emissions,161817.625,prediction
2026-08-20 23:37:00,2026-08-21 00:37:00,India,Total emissions,162180.984375,prediction
2026-08-20 23:37:00,2026-08-21 01:37:00,India,Total emissions,162143.125,prediction
2026-08-20 23:37:00,2026-08-21 02:37:00,India,Total emissions,162065.8125,prediction
2026-08-20 23:37:00,2026-08-21 03:37:00,India,Total emissions,162225.96875,prediction
2026-08-20 23:37:00,2026-08-21 04:37:00,India,Total emissions,162268.1875,prediction
2026-08-20 23:37:00,2026-08-21 05:37:00,India,Total emissions,162051.796875,prediction
2026-08-20 23:37:00,2026-08-21 06:37:00,India,Total emissions,162259.25,prediction
2026-08-20 23:37:00,2026-08-21 07:37:00,India,Total emissions,162223.28125,prediction
2026-08-20 23:37:00,2026-08-21 08:37:00,India,Total emissions,162085.984375,prediction
2026-08-20 23:37:00,2026-08-21 09:37:00,India,Total emissions,162169.28125,prediction
2026-08-20 23:37:00,2026-08-21 10:37:00,India,Total emissions,162031.46875,prediction
2026-08-20 23:37:00,2026-08-21 11:37:00,India,Total emissions,162054.921875,prediction
2026-08-20 23:37:00,2026-08-21 12:37:00,India,Total emissions,161889.765625,prediction
2026-08-20 23:37:00,2026-08-21 13:37:00,India,Total emissions,162125.828125,prediction
2026-08-20 23:37:00,2026-08-21 14:37:00,India,Total emissions,161961.609375,prediction
2026-08-20 23:37:00,2026-08-21 15:37:00,India,Total emissions,162246.21875,prediction
2026-08-20 23:37:00,2026-08-21 16:37:00,India,Total emissions,162228.828125,prediction
2026-08-20 23:37:00,2026-08-21 17:37:00,India,Total emissions,162052.953125,prediction
2026-08-20 23:37:00,2026-08-21 18:37:00,India,Total emissions,161701.59375,prediction
2026-08-20 23:37:00,2026-08-21 19:37:00,India,Total emissions,162053.03125,prediction
2026-08-20 23:37:00,2026-08-21 20:37:00,India,Total emissions,161984.4375,prediction
2026-08-20 23:37:00,2026-08-21 21:37:00,India,Total emissions,162157.109375,prediction
2026-08-20 23:37:00,2026-08-21 22:37:00,India,Total emissions,162395.328125,prediction
2026-08-20 23:37:00,2026-08-21 23:37:00,India,Total emissions,161817.625,prediction
2026-08-20 23:38:00,2026-08-21 00:38:00,India,Total emissions,162180.984375,prediction
2026-08-20 23:38:00,2026-08-21 01:38:00,India,Total emissions,162143.125,prediction
2026-08-20 23:38:00,2026-08-21 02:38:00,India,Total emissions,162065.8125,prediction
2026-08-20 23:38:00,2026-08-21 03:38:00,India,Total emissions,162225.96875,prediction
2026-08-20 23:38:00,2026-08-21 04:38:00,India,Total emissions,162268.1875,prediction
2026-08-20 23:38:00,2026-08-21 05:38:00,India,Total emissions,162051.796875,prediction
2026-08-20 23:38:00,2026-08-21 06:38:00,India,Total emissions,162259.25,prediction
2026-08-20 23:38:00,2026-08-21 07:38:00,India,Total emissions,162223.28125,prediction
2026-08-20 23:38:00,2026-08-21 08:38:00,India,Total emissions,162085.984375,prediction
2026-08-20 23:38:00,2026-08-21 09:38:00,India,Total emissions,162169.28125,prediction
2026-08-20 23:38:00,2026-08-21 10:38:00,India,Total emissions,162031.46875,prediction
2026-08-20 23:38:00,2026-08-21 11:38:00,India,Total emissions,162054.921875,prediction
2026-08-20 23:38:00,2026-08-21 12:38:00,India,Total emissions,161889.765625,prediction
2026-08-20 23:38:00,2026-08-21 13:38:00,India,Total emissions,162125.828125,prediction
2026-08-20 23:38:00,2026-08-21 14:38:00,India,Total emissions,161961.609375,prediction
2026-08-20 23:38:00,2026-08-21 15:38:00,India,Total emissions,162246.21875,prediction
2026-08-20 23:38:00,2026-08-21 16:38:00,India,Total emissions,162228.828125,prediction
2026-08-20 23:38:00,2026-08-21 17:38:00,India,Total emissions,162052.953125,prediction
2026-08-20 23:38:00,2026-08-21 18:38:00,India,Total emissions,161701.59375,prediction
2026-08-20 23:38:00,2026-08-21 19:38:00,India,Total emissions,162053.03125,prediction
2026-08-20 23:38:00,2026-08-21 20:38:00,India,Total emissions,161984.4375,prediction
2026-08-20 23:38:00,2026-08-21 21:38:00,India,Total emissions,162157.109375,prediction
2026-08-20 23:38:00,2026-08-21 22:38:00,India,Total emissions,162395.328125,prediction
2026-08-20 23:38:00,2026-08-21 23:38:00,India,Total emissions,161817.625,prediction
2026-08-20 23:39:00,2026-08-21 00:39:00,India,Total emissions,162180.984375,prediction
2026-08-20 23:39:00,2026-08-21 01:39:00,India,Total emissions,162143.125,prediction
2026-08-20 23:39:00,2026-08-21 02:39:00,India,Total emissions,162065.8125,prediction
2026-08-20 23:39:00,2026-08-21 03:39:00,India,Total emissions,162225.96875,prediction
2026-08-20 23:39:00,2026-08-21 04:39:00,India,Total emissions,162268.1875,prediction
2026-08-20 23:39:00,2026-08-21 05:39:00,India,Total emissions,162051.796875,prediction
2026-08-20 23:39:00,2026-08-21 06:39:00,India,Total emissions,162259.25,prediction
2026-08-20 23:39:00,2026-08-21 07:39:00,India,Total emissions,162223.28125,prediction
2026-08-20 23:39:00,2026-08-21 08:39:00,India,Total emissions,162085.984375,prediction
2026-08-20 23:39:00,2026-08-21 09:39:00,India,Total emissions,162169.28125,prediction
2026-08-20 23:39:00,2026-08-21 10:39:00,India,Total emissions,162031.46875,prediction
2026-08-20 23:39:00,2026-08-21 11:39:00,India,Total emissions,162054.921875,prediction
2026-08-20 23:39:00,2026-08-21 12:39:00,India,Total emissions,161889.765625,prediction
2026-08-20 23:39:00,2026-08-21 13:39:00,India,Total emissions,162125.828125,prediction
2026-08-20 23:39:00,2026-08-21 14:39:00,India,Total emissions,161961.609375,prediction
2026-08-20 23:39:00,2026-08-21 15:39:00,India,Total emissions,162246.21875,prediction
2026-08-20 23:39:00,2026-08-21 16:39:00,India,Total emissions,162228.828125,prediction
2026-08-20 23:39:00,2026-08-21 17:39:00,India,Total emissions,162052.953125,prediction
2026-08-20 23:39:00,2026-08-21 18:39:00,India,Total emissions,161701.59375,prediction
2026-08-20 23:39:00,2026-08-21 19:39:00,India,Total emissions,162053.03125,prediction
2026-08-20 23:39:00,2026-08-21 20:39:00,India,Total emissions,161984.4375,prediction
2026-08-20 23:39:00,2026-08-21 21:39:00,India,Total emissions,162157.109375,prediction
2026-08-20 23:39:00,2026-08-21 22:39:00,India,Total emissions,162395.328125,prediction
2026-08-20 23:39:00,2026-08-21 23:39:00,India,Total emissions,161817.625,prediction
2026-08-20 23:39:00,2026-08-21 00:39:00,India,Total emissions,162180.984375,prediction
2026-08-20 23:39:00,2026-08-21 01:39:00,India,Total emissions,162143.125,prediction
2026-08-20 23:39:00,2026-08-21 02:39:00,India,Total emissions,162065.8125,prediction
2026-08-20 23:39:00,2026-08-21 03:39:00,India,Total emissions,162225.96875,prediction
2026-08-20 23:39:00,2026-08-21 04:39:00,India,Total emissions,162268.1875,prediction
2026-08-20 23:39:00,2026-08-21 05:39:00,India,Total emissions,162051.796875,prediction
2026-08-20 23:39:00,2026-08-21 06:39:00,India,Total emissions,162259.25,prediction
2026-08-20 23:39:00,2026-08-21 07:39:00,India,Total emissions,162223.28125,prediction
2026-08-20 23:39:00,2026-08-21 08:39:00,India,Total emissions,162085.984375,prediction
2026-08-20 23:39:00,2026-08-21 09:39:00,India,Total emissions,162169.28125,prediction
2026-08-20 23:39:00,2026-08-21 10:39:00,India,Total emissions,162031.46875,prediction
2026-08-20 23:39:00,2026-08-21 11:39:00,India,Total emissions,162054.921875,prediction
2026-08-20 23:39:00,2026-08-21 12:39:00,India,Total emissions,161889.765625,prediction
2026-08-20 23:39:00,2026-08-21 13:39:00,India,Total emissions,162125.828125,prediction
2026-08-20 23:39:00,2026-08-21 14:39:00,India,Total emissions,161961.609375,prediction
2026-08-20 23:39:00,2026-08-21 15:39:00,India,Total emissions,162246.21875,prediction
2026-08-20 23:39:00,2026-08-21 16:39:00,India,Total emissions,162228.828125,prediction
2026-08-20 23:39:00,2026-08-21 17:39:00,India,Total emissions,162052.953125,prediction
2026-08-20 23:39:00,2026-08-21 18:39:00,India,Total emissions,161701.59375,prediction
2026-08-20 23:39:00,2026-08-21 19:39:00,India,Total emissions,162053.03125,prediction
2026-08-20 23:39:00,2026-08-21 20:39:00,India,Total emissions,161984.4375,prediction
2026-08-20 23:39:00,2026-08-21 21:39:00,India,Total emissions,162157.109375,prediction
2026-08-20 23:39:00,2026-08-21 22:39:00,India,Total emissions,162395.328125,prediction
2026-08-20 23:39:00,2026-08-21 23:39:00,India,Total emissions,161817.625,prediction
2026-08-20 23:39:00,2026-08-21 00:39:00,India,Total emissions,162180.984375,prediction
2026-08-20 23:39:00,2026-08-21 01:39:00,India,Total emissions,162143.125,prediction
2026-08-20 23:39:00,2026-08-21 02:39:00,India,Total emissions,162065.8125,prediction
2026-08-20 23:39:00,2026-08-21 03:39:00,India,Total emissions,162225.96875,prediction
2026-08-20 23:39:00,2026-08-21 04:39:00,India,Total emissions,162268.1875,prediction
2026-08-20 23:39:00,2026-08-21 05:39:00,India,Total emissions,162051.796875,prediction
2026-08-20 23:39:00,2026-08-21 06:39:00,India,Total emissions,162259.25,prediction
2026-08-20 23:39:00,2026-08-21 07:39:00,India,Total emissions,162223.28125,prediction
2026-08-20 23:39:00,2026-08-21 08:39:00,India,Total emissions,162085.984375,prediction
2026-08-20 23:39:00,2026-08-21 09:39:00,India,Total emissions,162169.28125,prediction
2026-08-20 23:39:00,2026-08-21 10:39:00,India,Total emissions,162031.46875,prediction
2026-08-20 23:39:00,2026-08-21 11:39:00,India,Total emissions,162054.921875,prediction
2026-08-20 23:39:00,2026-08-21 12:39:00,India,Total emissions,161889.765625,prediction
2026-08-20 23:39:00,2026-08-21 13:39:00,India,Total emissions,162125.828125,prediction
2026-08-20 23:39:00,2026-08-21 14:39:00,India,Total emissions,161961.609375,prediction
2026-08-20 23:39:00,2026-08-21 15:39:00,India,Total emissions,162246.21875,prediction
2026-08-20 23:39:00,2026-08-21 16:39:00,India,Total emissions,162228.828125,prediction
2026-08-20 23:39:00,2026-08-21 17:39:00,India,Total emissions,162052.953125,prediction
2026-08-20 23:39:00,2026-08-21 18:39:00,India,Total emissions,161701.59375,prediction
2026-08-20 23:39:00,2026-08-21 19:39:00,India,Total emissions,162053.03125,prediction
2026-08-20 23:39:00,2026-08-21 20:39:00,India,Total emissions,161984.4375,prediction
2026-08-20 23:39:00,2026-08-21 21:39:00,India,Total emissions,162157.109375,prediction
2026-08-20 23:39:00,2026-08-21 22:39:00,India,Total emissions,162395.328125,prediction
2026-08-20 23:39:00,2026-08-21 23:39:00,India,Total emissions,161817.625,prediction
2026-08-20 23:39:00,2026-08-21 00:39:00,India,Total emissions,162180.984375,prediction
2026-08-20 23:39:00,2026-08-21 01:39:00,India,Total emissions,162143.125,prediction
2026-08-20 23:39:00,2026-08-21 02:39:00,India,Total emissions,162065.8125,prediction
2026-08-20 23:39:00,2026-08-21 03:39:00,India,Total emissions,162225.96875,prediction
2026-08-20 23:39:00,2026-08-21 04:39:00,India,Total emissions,162268.1875,prediction
2026-08-20 23:39:00,2026-08-21 05:39:00,India,Total emissions,162051.796875,prediction
2026-08-20 23:39:00,2026-08-21 06:39:00,India,Total emissions,162259.25,prediction
2026-08-20 23:39:00,2026-08-21 07:39:00,India,Total emissions,162223.28125,prediction
2026-08-20 23:39:00,2026-08-21 08:39:00,India,Total emissions,162085.984375,prediction
2026-08-20 23:39:00,2026-08-21 09:39:00,India,Total emissions,162169.28125,prediction
2026-08-20 23:39:00,2026-08-21 10:39:00,India,Total emissions,162031.46875,prediction
2026-08-20 23:39:00,2026-08-21 11:39:00,India,Total emissions,162054.921875,prediction
2026-08-20 23:39:00,2026-08-21 12:39:00,India,Total emissions,161889.765625,prediction
2026-08-20 23:39:00,2026-08-21 13:39:00,India,Total emissions,162125.828125,prediction
2026-08-20 23:39:00,2026-08-21 14:39:00,India,Total emissions,161961.609375,prediction
2026-08-20 23:39:00,2026-08-21 15:39:00,India,Total emissions,162246.21875,prediction
2026-08-20 23:39:00,2026-08-21 16:39:00,India,Total emissions,162228.828125,prediction
2026-08-20 23:39:00,2026-08-21 17:39:00,India,Total emissions,162052.953125,prediction
2026-08-20 23:39:00,2026-08-21 18:39:00,India,Total emissions,161701.59375,prediction
2026-08-20 23:39:00,2026-08-21 19:39:00,India,Total emissions,162053.03125,prediction
2026-08-20 23:39:00,2026-08-21 20:39:00,India,Total emissions,161984.4375,prediction
2026-08-20 23:39:00,2026-08-21 21:39:00,India,Total emissions,162157.109375,prediction
2026-08-20 23:39:00,2026-08-21 22:39:00,India,Total emissions,162395.328125,prediction
2026-08-20 23:39:00,2026-08-21 23:39:00,India,Total emissions,161817.625,prediction
2026-08-20 23:39:00,2026-08-21 00:39:00,India,Total emissions,162180.984375,prediction
2026-08-20 23:39:00,2026-08-21 01:39:00,India,Total emissions,162143.125,prediction
2026-08-20 23:39:00,2026-08-21 02:39:00,India,Total emissions,162065.8125,prediction
2026-08-20 23:39:00,2026-08-21 03:39:00,India,Total emissions,162225.96875,prediction
2026-08-20 23:39:00,2026-08-21 04:39:00,India,Total emissions,162268.1875,prediction
2026-08-20 23:39:00,2026-08-21 05:39:00,India,Total emissions,162051.796875,prediction
2026-08-20 23:39:00,2026-08-21 06:39:00,India,Total emissions,162259.25,prediction
2026-08-20 23:39:00,2026-08-21 07:39:00,India,Total emissions,162223.28125,prediction
2026-08-20 23:39:00,2026-08-21 08:39:00,India,Total emissions,162085.984375,prediction
2026-08-20 23:39:00,2026-08-21 09:39:00,India,Total emissions,162169.28125,prediction
2026-08-20 23:39:00,2026-08-21 10:39:00,India,Total emissions,162031.46875,prediction
2026-08-20 23:39:00,2026-08-21 11:39:00,India,Total emissions,162054.921875,prediction
2026-08-20 23:39:00,2026-08-21 12:39:00,India,Total emissions,161889.765625,prediction
2026-08-20 23:39:00,2026-08-21 13:39:00,India,Total emissions,162125.828125,prediction
2026-08-20 23:39:00,2026-08-21 14:39:00,India,Total emissions,161961.609375,prediction
2026-08-20 23:39:00,2026-08-21 15:39:00,India,Total emissions,162246.21875,prediction
2026-08-20 23:39:00,2026-08-21 16:39:00,India,Total emissions,162228.828125,prediction
2026-08-20 23:39:00,2026-08-21 17:39:00,India,Total emissions,162052.953125,prediction
2026-08-20 23:39:00,2026-08-21 18:39:00,India,Total emissions,161701.59375,prediction
2026-08-20 23:39:00,2026-08-21 19:39:00,India,Total emissions,162053.03125,prediction
2026-08-20 23:39:00,2026-08-21 20:39:00,India,Total emissions,161984.4375,prediction
2026-08-20 23:39:00,2026-08-21 21:39:00,India,Total emissions,162157.109375,prediction
2026-08-20 23:39:00,2026-08-21 22:39:00,India,Total emissions,162395.328125,prediction
2026-08-20 23:39:00,2026-08-21 23:39:00,India,Total emissions,161817.625,prediction
2026-08-20 23:40:00,2026-08-21 00:40:00,India,Total emissions,162180.984375,prediction
2026-08-20 23:40:00,2026-08-21 01:40:00,India,Total emissions,162143.125,prediction
2026-08-20 23:40:00,2026-08-21 02:40:00,India,Total emissions,162065.8125,prediction
2026-08-20 23:40:00,2026-08-21 03:40:00,India,Total emissions,162225.96875,prediction
2026-08-20 23:40:00,2026-08-21 04:40:00,India,Total emissions,162268.1875,prediction
2026-08-20 23:40:00,2026-08-21 05:40:00,India,Total emissions,162051.796875,prediction
2026-08-20 23:40:00,2026-08-21 06:40:00,India,Total emissions,162259.25,prediction
2026-08-20 23:40:00,2026-08-21 07:40:00,India,Total emissions,162223.28125,prediction
2026-08-20 23:40:00,2026-08-21 08:40:00,India,Total emissions,162085.984375,prediction
2026-08-20 23:40:00,2026-08-21 09:40:00,India,Total emissions,162169.28125,prediction
2026-08-20 23:40:00,2026-08-21 10:40:00,India,Total emissions,162031.46875,prediction
2026-08-20 23:40:00,2026-08-21 11:40:00,India,Total emissions,162054.921875,prediction
2026-08-20 23:40:00,2026-08-21 12:40:00,India,Total emissions,161889.765625,prediction
2026-08-20 23:40:00,2026-08-21 13:40:00,India,Total emissions,162125.828125,prediction
2026-08-20 23:40:00,2026-08-21 14:40:00,India,Total emissions,161961.609375,prediction
2026-08-20 23:40:00,2026-08-21 15:40:00,India,Total emissions,162246.21875,prediction
2026-08-20 23:40:00,2026-08-21 16:40:00,India,Total emissions,162228.828125,prediction
2026-08-20 23:40:00,2026-08-21 17:40:00,India,Total emissions,162052.953125,prediction
2026-08-20 23:40:00,2026-08-21 18:40:00,India,Total emissions,161701.59375,prediction
2026-08-20 23:40:00,2026-08-21 19:40:00,India,Total emissions,162053.03125,prediction
2026-08-20 23:40:00,2026-08-21 20:40:00,India,Total emissions,161984.4375,prediction
2026-08-20 23:40:00,2026-08-21 21:40:00,India,Total emissions,162157.109375,prediction
2026-08-20 23:40:00,2026-08-21 22:40:00,India,Total emissions,162395.328125,prediction
2026-08-20 23:40:00,2026-08-21 23:40:00,India,Total emissions,161817.625,prediction
2026-08-20 23:41:00,2026-08-21 00:41:00,India,Total emissions,162180.984375,prediction
2026-08-20 23:41:00,2026-08-21 01:41:00,India,Total emissions,162143.125,prediction
2026-08-20 23:41:00,2026-08-21 02:41:00,India,Total emissions,162065.8125,prediction
2026-08-20 23:41:00,2026-08-21 03:41:00,India,Total emissions,162225.96875,prediction
2026-08-20 23:41:00,2026-08-21 04:41:00,India,Total emissions,162268.1875,prediction
2026-08-20 23:41:00,2026-08-21 05:41:00,India,Total emissions,162051.796875,prediction
2026-08-20 23:41:00,2026-08-21 06:41:00,India,Total emissions,162259.25,prediction
2026-08-20 23:41:00,2026-08-21 07:41:00,India,Total emissions,162223.28125,prediction
2026-08-20 23:41:00,2026-08-21 08:41:00,India,Total emissions,162085.984375,prediction
2026-08-20 23:41:00,2026-08-21 09:41:00,India,Total emissions,162169.28125,prediction
2026-08-20 23:41:00,2026-08-21 10:41:00,India,Total emissions,162031.46875,prediction
2026-08-20 23:41:00,2026-08-21 11:41:00,India,Total emissions,162054.921875,prediction
2026-08-20 23:41:00,2026-08-21 12:41:00,India,Total emissions,161889.765625,prediction
2026-08-20 23:41:00,2026-08-21 13:41:00,India,Total emissions,162125.828125,prediction
2026-08-20 23:41:00,2026-08-21 14:41:00,India,Total emissions,161961.609375,prediction
2026-08-20 23:41:00,2026-08-21 15:41:00,India,Total emissions,162246.21875,prediction
2026-08-20 23:41:00,2026-08-21 16:41:00,India,Total emissions,162228.828125,prediction
2026-08-20 23:41:00,2026-08-21 17:41:00,India,Total emissions,162052.953125,prediction
2026-08-20 23:41:00,2026-08-21 18:41:00,India,Total emissions,161701.59375,prediction
2026-08-20 23:41:00,2026-08-21 19:41:00,India,Total emissions,162053.03125,prediction
2026-08-20 23:41:00,2026-08-21 20:41:00,India,Total emissions,161984.4375,prediction
2026-08-20 23:41:00,2026-08-21 21:41:00,India,Total emissions,162157.109375,prediction
2026-08-20 23:41:00,2026-08-21 22:41:00,India,Total emissions,162395.328125,prediction
2026-08-20 23:41:00,2026-08-21 23:41:00,India,Total emissions,161817.625,prediction
2026-08-20 23:42:00,2026-08-21 00:42:00,India,Total emissions,162180.984375,prediction
2026-08-20 23:42:00,2026-08-21 01:42:00,India,Total emissions,162143.125,prediction
2026-08-20 23:42:00,2026-08-21 02:42:00,India,Total emissions,162065.8125,prediction
2026-08-20 23:42:00,2026-08-21 03:42:00,India,Total emissions,162225.96875,prediction
2026-08-20 23:42:00,2026-08-21 04:42:00,India,Total emissions,162268.1875,prediction
2026-08-20 23:42:00,2026-08-21 05:42:00,India,Total emissions,162051.796875,prediction
2026-08-20 23:42:00,2026-08-21 06:42:00,India,Total emissions,162259.25,prediction
2026-08-20 23:42:00,2026-08-21 07:42:00,India,Total emissions,162223.28125,prediction
2026-08-20 23:42:00,2026-08-21 08:42:00,India,Total emissions,162085.984375,prediction
2026-08-20 23:42:00,2026-08-21 09:42:00,India,Total emissions,162169.28125,prediction
2026-08-20 23:42:00,2026-08-21 10:42:00,India,Total emissions,162031.46875,prediction
2026-08-20 23:42:00,2026-08-21 11:42:00,India,Total emissions,162054.921875,prediction
2026-08-20 23:42:00,2026-08-21 12:42:00,India,Total emissions,161889.765625,prediction
2026-08-20 23:42:00,2026-08-21 13:42:00,India,Total emissions,162125.828125,prediction
2026-08-20 23:42:00,2026-08-21 14:42:00,India,Total emissions,161961.609375,prediction
2026-08-20 23:42:00,2026-08-21 15:42:00,India,Total emissions,162246.21875,prediction
2026-08-20 23:42:00,2026-08-21 16:42:00,India,Total emissions,162228.828125,prediction
2026-08-20 23:42:00,2026-08-21 17:42:00,India,Total emissions,162052.953125,prediction
2026-08-20 23:42:00,2026-08-21 18:42:00,India,Total emissions,161701.59375,prediction
2026-08-20 23:42:00,2026-08-21 19:42:00,India,Total emissions,162053.03125,prediction
2026-08-20 23:42:00,2026-08-21 20:42:00,India,Total emissions,161984.4375,prediction
2026-08-20 23:42:00,2026-08-21 21:42:00,India,Total emissions,162157.109375,prediction
2026-08-20 23:42:00,2026-08-21 22:42:00,India,Total emissions,162395.328125,prediction
2026-08-20 23:42:00,2026-08-21 23:42:00,India,Total emissions,161817.625,prediction
2026-08-20 23:47:00,2026-08-21 00:47:00,India,Total emissions,162180.984375,prediction
2026-08-20 23:47:00,2026-08-21 01:47:00,India,Total emissions,162143.125,prediction
2026-08-20 23:47:00,2026-08-21 02:47:00,India,Total emissions,162065.8125,prediction
2026-08-20 23:47:00,2026-08-21 03:47:00,India,Total emissions,162225.96875,prediction
2026-08-20 23:47:00,2026-08-21 04:47:00,India,Total emissions,162268.1875,prediction
2026-08-20 23:47:00,2026-08-21 05:47:00,India,Total emissions,162051.796875,prediction
2026-08-20 23:47:00,2026-08-21 06:47:00,India,Total emissions,162259.25,prediction
2026-08-20 23:47:00,2026-08-21 07:47:00,India,Total emissions,162223.28125,prediction
2026-08-20 23:47:00,2026-08-21 08:47:00,India,Total emissions,162085.984375,prediction
2026-08-20 23:47:00,2026-08-21 09:47:00,India,Total emissions,162169.28125,prediction
2026-08-20 23:47:00,2026-08-21 10:47:00,India,Total emissions,162031.46875,prediction
2026-08-20 23:47:00,2026-08-21 11:47:00,India,Total emissions,162054.921875,prediction
2026-08-20 23:47:00,2026-08-21 12:47:00,India,Total emissions,161889.765625,prediction
2026-08-20 23:47:00,2026-08-21 13:47:00,India,Total emissions,162125.828125,prediction
2026-08-20 23:47:00,2026-08-21 14:47:00,India,Total emissions,161961.609375,prediction
2026-08-20 23:47:00,2026-08-21 15:47:00,India,Total emissions,162246.21875,prediction
2026-08-20 23:47:00,2026-08-21 16:47:00,India,Total emissions,162228.828125,prediction
2026-08-20 23:47:00,2026-08-21 17:47:00,India,Total emissions,162052.953125,prediction
2026-08-20 23:47:00,2026-08-21 18:47:00,India,Total emissions,161701.59375,prediction
2026-08-20 23:47:00,2026-08-21 19:47:00,India,Total emissions,162053.03125,prediction
2026-08-20 23:47:00,2026-08-21 20:47:00,India,Total emissions,161984.4375,prediction
2026-08-20 23:47:00,2026-08-21 21:47:00,India,Total emissions,162157.109375,prediction
2026-08-20 23:47:00,2026-08-21 22:47:00,India,Total emissions,162395.328125,prediction
2026-08-20 23:47:00,2026-08-21 23:47:00,India,Total emissions,161817.625,prediction
2026-08-20 23:47:00,2026-08-21 00:47:00,India,Total emissions,162180.984375,prediction
2026-08-20 23:47:00,2026-08-21 01:47:00,India,Total emissions,162143.125,prediction
2026-08-20 23:47:00,2026-08-21 02:47:00,India,Total emissions,162065.8125,prediction
2026-08-20 23:47:00,2026-08-21 03:47:00,India,Total emissions,162225.96875,prediction
2026-08-20 23:47:00,2026-08-21 04:47:00,India,Total emissions,162268.1875,prediction
2026-08-20 23:47:00,2026-08-21 05:47:00,India,Total emissions,162051.796875,prediction
2026-08-20 23:47:00,2026-08-21 06:47:00,India,Total emissions,162259.25,prediction
2026-08-20 23:47:00,2026-08-21 07:47:00,India,Total emissions,162223.28125,prediction
2026-08-20 23:47:00,2026-08-21 08:47:00,India,Total emissions,162085.984375,prediction
2026-08-20 23:47:00,2026-08-21 09:47:00,India,Total emissions,162169.28125,prediction
2026-08-20 23:47:00,2026-08-21 10:47:00,India,Total emissions,162031.46875,prediction
2026-08-20 23:47:00,2026-08-21 11:47:00,India,Total emissions,162054.921875,prediction
2026-08-20 23:47:00,2026-08-21 12:47:00,India,Total emissions,161889.765625,prediction
2026-08-20 23:47:00,2026-08-21 13:47:00,India,Total emissions,162125.828125,prediction
2026-08-20 23:47:00,2026-08-21 14:47:00,India,Total emissions,161961.609375,prediction
2026-08-20 23:47:00,2026-08-21 15:47:00,India,Total emissions,162246.21875,prediction
2026-08-20 23:47:00,2026-08-21 16:47:00,India,Total emissions,162228.828125,prediction
2026-08-20 23:47:00,2026-08-21 17:47:00,India,Total emissions,162052.953125,prediction
2026-08-20 23:47:00,2026-08-21 18:47:00,India,Total emissions,161701.59375,prediction
2026-08-20 23:47:00,2026-08-21 19:47:00,India,Total emissions,162053.03125,prediction
2026-08-20 23:47:00,2026-08-21 20:47:00,India,Total emissions,161984.4375,prediction
2026-08-20 23:47:00,2026-08-21 21:47:00,India,Total emissions,162157.109375,prediction
2026-08-20 23:47:00,2026-08-21 22:47:00,India,Total emissions,162395.328125,prediction
2026-08-20 23:47:00,2026-08-21 23:47:00,India,Total emissions,161817.625,prediction
2026-08-21 01:01:00,2026-08-21 02:01:00,India,Total emissions,162151.796875,prediction
2026-08-21 01:01:00,2026-08-21 03:01:00,India,Total emissions,162132.421875,prediction
2026-08-21 01:01:00,2026-08-21 04:01:00,India,Total emissions,162346.421875,prediction
2026-08-21 01:01:00,2026-08-21 05:01:00,India,Total emissions,162061.90625,prediction
2026-08-21 01:01:00,2026-08-21 06:01:00,India,Total emissions,161909.578125,prediction
2026-08-21 01:01:00,2026-08-21 07:01:00,India,Total emissions,162082.078125,prediction
2026-08-21 01:01:00,2026-08-21 08:01:00,India,Total emissions,162160.8125,prediction
2026-08-21 01:01:00,2026-08-21 09:01:00,India,Total emissions,162189.8125,prediction
2026-08-21 01:01:00,2026-08-21 10:01:00,India,Total emissions,161907.671875,prediction
2026-08-21 01:01:00,2026-08-21 11:01:00,India,Total emissions,161920.84375,prediction
2026-08-21 01:01:00,2026-08-21 12:01:00,India,Total emissions,161852.671875,prediction
2026-08-21 01:01:00,2026-08-21 13:01:00,India,Total emissions,162141.71875,prediction
2026-08-21 01:01:00,2026-08-21 14:01:00,India,Total emissions,162218.484375,prediction
2026-08-21 01:01:00,2026-08-21 15:01:00,India,Total emissions,161841.390625,prediction
2026-08-21 01:01:00,2026-08-21 16:01:00,India,Total emissions,162427.484375,prediction
2026-08-21 01:01:00,2026-08-21 17:01:00,India,Total emissions,161856.09375,prediction
2026-08-21 01:01:00,2026-08-21 18:01:00,India,Total emissions,162175.28125,prediction
2026-08-21 01:01:00,2026-08-21 19:01:00,India,Total emissions,162251.78125,prediction
2026-08-21 01:01:00,2026-08-21 20:01:00,India,Total emissions,162198.53125,prediction
2026-08-21 01:01:00,2026-08-21 21:01:00,India,Total emissions,162029.078125,prediction
2026-08-21 01:01:00,2026-08-21 22:01:00,India,Total emissions,161893.203125,prediction
2026-08-21 01:01:00,2026-08-21 23:01:00,India,Total emissions,162133.0,prediction
2026-08-21 01:01:00,2026-08-22 00:01:00,India,Total emissions,161975.796875,prediction
2026-08-21 01:01:00,2026-08-22 01:01:00,India,Total emissions,162306.75,prediction
2026-09-16 10:33:00,2026-09-16 11:33:00,India,Total emissions,162151.796875,prediction
2026-09-16 10:33:00,2026-09-16 12:33:00,India,Total emissions,162132.421875,prediction
2026-09-16 10:33:00,2026-09-16 13:33:00,India,Total emissions,162346.421875,prediction
2026-09-16 10:33:00,2026-09-16 14:33:00,India,Total emissions,162061.90625,prediction
2026-09-16 10:33:00,2026-09-16 15:33:00,India,Total emissions,161909.578125,prediction
2026-09-16 10:33:00,2026-09-16 16:33:00,India,Total emissions,162082.078125,prediction
2026-09-16 10:33:00,2026-09-16 17:33:00,India,Total emissions,162160.8125,prediction
2026-09-16 10:33:00,2026-09-16 18:33:00,India,Total emissions,162189.8125,prediction
2026-09-16 10:33:00,2026-09-16 19:33:00,India,Total emissions,161907.671875,prediction
2026-09-16 10:33:00,2026-09-16 20:33:00,India,Total emissions,161920.84375,prediction
2026-09-16 10:33:00,2026-09-16 21:33:00,India,Total emissions,161852.671875,prediction
2026-09-16 10:33:00,2026-09-16 22:33:00,India,Total emissions,162141.71875,prediction
2026-09-16 10:33:00,2026-09-16 23:33:00,India,Total emissions,162218.484375,prediction
2026-09-16 10:33:00,2026-09-17 00:33:00,India,Total emissions,161841.390625,prediction
2026-09-16 10:33:00,2026-09-17 01:33:00,India,Total emissions,162427.484375,prediction
2026-09-16 10:33:00,2026-09-17 02:33:00,India,Total emissions,161856.09375,prediction
2026-09-16 10:33:00,2026-09-17 03:33:00,India,Total emissions,162175.28125,prediction
2026-09-16 10:33:00,2026-09-17 04:33:00,India,Total emissions,162251.78125,prediction
2026-09-16 10:33:00,2026-09-17 05:33:00,India,Total emissions,162198.53125,prediction
2026-09-16 10:33:00,2026-09-17 06:33:00,India,Total emissions,162029.078125,prediction
2026-09-16 10:33:00,2026-09-17 07:33:00,India,Total emissions,161893.203125,prediction
2026-09-16 10:33:00,2026-09-17 08:33:00,India,Total emissions,162133.0,prediction
2026-09-16 10:33:00,2026-09-17 09:33:00,India,Total emissions,161975.796875,prediction
2026-09-16 10:33:00,2026-09-17 10:33:00,India,Total emissions,162306.75,prediction
2026-09-29 22:53:00,2026-09-29 23:53:00,India,Total emissions,0.3199999928474426,prediction
2026-09-29 22:53:00,2026-09-30 00:53:00,India,Total emissions,368.8699951171875,prediction
2026-09-29 22:53:00,2026-09-30 01:53:00,India,Total emissions,62.93000030517578,prediction
2026-09-29 22:53:00,2026-09-30 02:53:00,India,Total emissions,171.33999633789062,prediction
2026-09-29 22:53:00,2026-09-30 03:53:00,India,Total emissions,158.6300048828125,prediction
2026-09-29 22:53:00,2026-09-30 04:53:00,India,Total emissions,0.3199999928474426,prediction
2026-09-29 22:53:00,2026-09-30 05:53:00,India,Total emissions,123.5,prediction
2026-09-29 22:53:00,2026-09-30 06:53:00,India,Total emissions,0.3199999928474426,prediction
2026-09-29 22:53:00,2026-09-30 07:53:00,India,Total emissions,300.2699890136719,prediction
2026-09-29 22:53:00,2026-09-30 08:53:00,India,Total emissions,214.11000061035156,prediction
2026-09-29 22:53:00,2026-09-30 09:53:00,India,Total emissions,182.77999877929688,prediction
2026-09-29 22:53:00,2026-09-30 10:53:00,India,Total emissions,65.5199966430664,prediction
2026-09-29 22:53:00,2026-09-30 11:53:00,India,Total emissions,154.30999755859375,prediction
2026-09-29 22:53:00,2026-09-30 12:53:00,India,Total emissions,362.80999755859375,prediction
2026-09-29 22:53:00,2026-09-30 13:53:00,India,Total emissions,0.3199999928474426,prediction
2026-09-29 22:53:00,2026-09-30 14:53:00,India,Total emissions,94.51000213623047,prediction
2026-09-29 22:53:00,2026-09-30 15:53:00,India,Total emissions,0.3199999928474426,prediction
2026-09-29 22:53:00,2026-09-30 16:53:00,India,Total emissions,595.3699951171875,prediction
2026-09-29 22:53:00,2026-09-30 17:53:00,India,Total emissions,0.3199999928474426,prediction
2026-09-29 22:53:00,2026-09-30 18:53:00,India,Total emissions,0.3199999928474426,prediction
2026-09-29 22:53:00,2026-09-30 19:53:00,India,Total emissions,0.3199999928474426,prediction
2026-09-29 22:53:00,2026-09-30 20:53:00,India,Total emissions,98.62000274658203,prediction
2026-09-29 22:53:00,2026-09-30 21:53:00,India,Total emissions,0.3199999928474426,prediction
2026-09-29 22:53:00,2026-09-30 22:53:00,India,Total emissions,0.3199999928474426,prediction
2026-09-29 22:55:00,2026-09-29 23:55:00,India,Total emissions,0.3199999928474426,prediction
2026-09-29 22:55:00,2026-09-30 00:55:00,India,Total emissions,368.8699951171875,prediction
2026-09-29 22:55:00,2026-09-30 01:55:00,India,Total emissions,62.93000030517578,prediction
2026-09-29 22:55:00,2026-09-30 02:55:00,India,Total emissions,171.33999633789062,prediction
2026-09-29 22:55:00,2026-09-30 03:55:00,India,Total emissions,158.6300048828125,prediction
2026-09-29 22:55:00,2026-09-30 04:55:00,India,Total emissions,0.3199999928474426,prediction
2026-09-29 22:55:00,2026-09-30 05:55:00,India,Total emissions,123.5,prediction
2026-09-29 22:55:00,2026-09-30 06:55:00,India,Total emissions,0.3199999928474426,prediction
2026-09-29 22:55:00,2026-09-30 07:55:00,India,Total emissions,300.2699890136719,prediction
2026-09-29 22:55:00,2026-09-30 08:55:00,India,Total emissions,214.11000061035156,prediction
2026-09-29 22:55:00,2026-09-30 09:55:00,India,Total emissions,182.77999877929688,prediction
2026-09-29 22:55:00,2026-09-30 10:55:00,India,Total emissions,65.5199966430664,prediction
2026-09-29 22:55:00,2026-09-30 11:55:00,India,Total emissions,154.30999755859375,prediction
2026-09-29 22:55:00,2026-09-30 12:55:00,India,Total emissions,362.80999755859375,prediction
2026-09-29 22:55:00,2026-09-30 13:55:00,India,Total emissions,0.3199999928474426,prediction
2026-09-29 22:55:00,2026-09-30 14:55:00,India,Total emissions,94.51000213623047,prediction
2026-09-29 22:55:00,2026-09-30 15:55:00,India,Total emissions,0.3199999928474426,prediction
2026-09-29 22:55:00,2026-09-30 16:55:00,India,Total emissions,595.3699951171875,prediction
2026-09-29 22:55:00,2026-09-30 17:55:00,India,Total emissions,0.3199999928474426,prediction
2026-09-29 22:55:00,2026-09-30 18:55:00,India,Total emissions,0.3199999928474426,prediction
2026-09-29 22:55:00,2026-09-30 19:55:00,India,Total emissions,0.3199999928474426,prediction
2026-09-29 22:55:00,2026-09-30 20:55:00,India,Total emissions,98.62000274658203,prediction
2026-09-29 22:55:00,2026-09-30 21:55:00,India,Total emissions,0.3199999928474426,prediction
2026-09-29 22:55:00,2026-09-30 22:55:00,India,Total emissions,0.3199999928474426,prediction
2026-09-29 22:55:00,2026-09-29 23:55:00,India,Total emissions,0.3199999928474426,prediction
2026-09-29 22:55:00,2026-09-30 00:55:00,India,Total emissions,368.8699951171875,prediction
2026-09-29 22:55:00,2026-09-30 01:55:00,India,Total emissions,62.93000030517578,prediction
2026-09-29 22:55:00,2026-09-30 02:55:00,India,Total emissions,171.33999633789062,prediction
2026-09-29 22:55:00,2026-09-30 03:55:00,India,Total emissions,158.6300048828125,prediction
2026-09-29 22:55:00,2026-09-30 04:55:00,India,Total emissions,0.3199999928474426,prediction
2026-09-29 22:55:00,2026-09-30 05:55:00,India,Total emissions,123.5,prediction
2026-09-29 22:55:00,2026-09-30 06:55:00,India,Total emissions,0.3199999928474426,prediction
2026-09-29 22:55:00,2026-09-30 07:55:00,India,Total emissions,300.2699890136719,prediction
2026-09-29 22:55:00,2026-09-30 08:55:00,India,Total emissions,214.11000061035156,prediction
2026-09-29 22:55:00,2026-09-30 09:55:00,India,Total emissions,182.77999877929688,prediction
2026-09-29 22:55:00,2026-09-30 10:55:00,India,Total emissions,65.5199966430664,prediction
2026-09-29 22:55:00,2026-09-30 11:55:00,India,Total emissions,154.30999755859375,prediction
2026-09-29 22:55:00,2026-09-30 12:55:00,India,Total emissions,362.80999755859375,prediction
2026-09-29 22:55:00,2026-09-30 13:55:00,India,Total emissions,0.3199999928474426,prediction
2026-09-29 22:55:00,2026-09-30 14:55:00,India,Total emissions,94.51000213623047,prediction
2026-09-29 22:55:00,2026-09-30 15:55:00,India,Total emissions,0.3199999928474426,prediction
2026-09-29 22:55:00,2026-09-30 16:55:00,India,Total emissions,595.3699951171875,prediction
2026-09-29 22:55:00,2026-09-30 17:55:00,India,Total emissions,0.3199999928474426,prediction
2026-09-29 22:55:00,2026-09-30 18:55:00,India,Total emissions,0.3199999928474426,prediction
2026-09-29 22:55:00,2026-09-30 19:55:00,India,Total emissions,0.3199999928474426,prediction
2026-09-29 22:55:00,2026-09-30 20:55:00,India,Total emissions,98.62000274658203,prediction
2026-09-29 22:55:00,2026-09-30 21:55:00,India,Total emissions,0.3199999928474426,prediction
2026-09-29 22:55:00,2026-09-30 22:55:00,India,Total emissions,0.3199999928474426,prediction
2026-09-29 22:55:00,2026-09-29 23:55:00,India,Total emissions,0.3199999928474426,prediction
2026-09-29 22:55:00,2026-09-30 00:55:00,India,Total emissions,368.8699951171875,prediction
2026-09-29 22:55:00,2026-09-30 01:55:00,India,Total emissions,62.93000030517578,prediction
2026-09-29 22:55:00,2026-09-30 02:55:00,India,Total emissions,171.33999633789062,prediction
2026-09-29 22:55:00,2026-09-30 03:55:00,India,Total emissions,158.6300048828125,prediction
2026-09-29 22:55:00,2026-09-30 04:55:00,India,Total emissions,0.3199999928474426,prediction
2026-09-29 22:55:00,2026-09-30 05:55:00,India,Total emissions,123.5,prediction
2026-09-29 22:55:00,2026-09-30 06:55:00,India,Total emissions,0.3199999928474426,prediction
2026-09-29 22:55:00,2026-09-30 07:55:00,India,Total emissions,300.2699890136719,prediction
2026-09-29 22:55:00,2026-09-30 08:55:00,India,Total emissions,214.11000061035156,prediction
2026-09-29 22:55:00,2026-09-30 09:55:00,India,Total emissions,182.77999877929688,prediction
2026-09-29 22:55:00,2026-09-30 10:55:00,India,Total emissions,65.5199966430664,prediction
2026-09-29 22:55:00,2026-09-30 11:55:00,India,Total emissions,154.30999755859375,prediction
2026-09-29 22:55:00,2026-09-30 12:55:00,India,Total emissions,362.80999755859375,prediction
2026-09-29 22:55:00,2026-09-30 13:55:00,India,Total emissions,0.3199999928474426,prediction
2026-09-29 22:55:00,2026-09-30 14:55:00,India,Total emissions,94.51000213623047,prediction
2026-09-29 22:55:00,2026-09-30 15:55:00,India,Total emissions,0.3199999928474426,prediction
2026-09-29 22:55:00,2026-09-30 16:55:00,India,Total emissions,595.3699951171875,prediction
2026-09-29 22:55:00,2026-09-30 17:55:00,India,Total emissions,0.3199999928474426,prediction
2026-09-29 22:55:00,2026-09-30 18:55:00,India,Total emissions,0.3199999928474426,prediction
2026-09-29 22:55:00,2026-09-30 19:55:00,India,Total emissions,0.3199999928474426,prediction
2026-09-29 22:55:00,2026-09-30 20:55:00,India,Total emissions,98.62000274658203,prediction
2026-09-29 22:55:00,2026-09-30 21:55:00,India,Total emissions,0.3199999928474426,prediction
2026-09-29 22:55:00,2026-09-30 22:55:00,India,Total emissions,0.3199999928474426,prediction
2026-09-29 22:56:00,2026-09-29 23:56:00,India,Total emissions,0.3199999928474426,prediction
2026-09-29 22:56:00,2026-09-30 00:56:00,India,Total emissions,368.8699951171875,prediction
2026-09-29 22:56:00,2026-09-30 01:56:00,India,Total emissions,62.93000030517578,prediction
2026-09-29 22:56:00,2026-09-30 02:56:00,India,Total emissions,171.33999633789062,prediction
2026-09-29 22:56:00,2026-09-30 03:56:00,India,Total emissions,158.6300048828125,prediction
2026-09-29 22:56:00,2026-09-30 04:56:00,India,Total emissions,0.3199999928474426,prediction
2026-09-29 22:56:00,2026-09-30 05:56:00,India,Total emissions,123.5,prediction
2026-09-29 22:56:00,2026-09-30 06:56:00,India,Total emissions,0.3199999928474426,prediction
2026-09-29 22:56:00,2026-09-30 07:56:00,India,Total emissions,300.2699890136719,prediction
2026-09-29 22:56:00,2026-09-30 08:56:00,India,Total emissions,214.11000061035156,prediction
2026-09-29 22:56:00,2026-09-30 09:56:00,India,Total emissions,182.77999877929688,prediction
2026-09-29 22:56:00,2026-09-30 10:56:00,India,Total emissions,65.5199966430664,prediction
2026-09-29 22:56:00,2026-09-30 11:56:00,India,Total emissions,154.30999755859375,prediction
2026-09-29 22:56:00,2026-09-30 12:56:00,India,Total emissions,362.80999755859375,prediction
2026-09-29 22:56:00,2026-09-30 13:56:00,India,Total emissions,0.3199999928474426,prediction
2026-09-29 22:56:00,2026-09-30 14:56:00,India,Total emissions,94.51000213623047,prediction
2026-09-29 22:56:00,2026-09-30 15:56:00,India,Total emissions,0.3199999928474426,prediction
2026-09-29 22:56:00,2026-09-30 16:56:00,India,Total emissions,595.3699951171875,prediction
2026-09-29 22:56:00,2026-09-30 17:56:00,India,Total emissions,0.3199999928474426,prediction
2026-09-29 22:56:00,2026-09-30 18:56:00,India,Total emissions,0.3199999928474426,prediction
2026-09-29 22:56:00,2026-09-30 19:56:00,India,Total emissions,0.3199999928474426,prediction
2026-09-29 22:56:00,2026-09-30 20:56:00,India,Total emissions,98.62000274658203,prediction
2026-09-29 22:56:00,2026-09-30 21:56:00,India,Total emissions,0.3199999928474426,prediction
2026-09-29 22:56:00,2026-09-30 22:56:00,India,Total emissions,0.3199999928474426,prediction
2026-09-29 22:56:00,2026-09-29 23:56:00,India,Total emissions,0.3199999928474426,prediction
2026-09-29 22:56:00,2026-09-30 00:56:00,India,Total emissions,368.8699951171875,prediction
2026-09-29 22:56:00,2026-09-30 01:56:00,India,Total emissions,62.93000030517578,prediction
2026-09-29 22:56:00,2026-09-30 02:56:00,India,Total emissions,171.33999633789062,prediction
2026-09-29 22:56:00,2026-09-30 03:56:00,India,Total emissions,158.6300048828125,prediction
2026-09-29 22:56:00,2026-09-30 04:56:00,India,Total emissions,0.3199999928474426,prediction
2026-09-29 22:56:00,2026-09-30 05:56:00,India,Total emissions,123.5,prediction
2026-09-29 22:56:00,2026-09-30 06:56:00,India,Total emissions,0.3199999928474426,prediction
2026-09-29 22:56:00,2026-09-30 07:56:00,India,Total emissions,300.2699890136719,prediction
2026-09-29 22:56:00,2026-09-30 08:56:00,India,Total emissions,214.11000061035156,prediction
2026-09-29 22:56:00,2026-09-30 09:56:00,India,Total emissions,182.77999877929688,prediction
2026-09-29 22:56:00,2026-09-30 10:56:00,India,Total emissions,65.5199966430664,prediction
2026-09-29 22:56:00,2026-09-30 11:56:00,India,Total emissions,154.30999755859375,prediction
2026-09-29 22:56:00,2026-09-30 12:56:00,India,Total emissions,362.80999755859375,prediction
2026-09-29 22:56:00,2026-09-30 13:56:00,India,Total emissions,0.3199999928474426,prediction
2026-09-29 22:56:00,2026-09-30 14:56:00,India,Total emissions,94.51000213623047,prediction
2026-09-29 22:56:00,2026-09-30 15:56:00,India,Total emissions,0.3199999928474426,prediction
2026-09-29 22:56:00,2026-09-30 16:56:00,India,Total emissions,595.3699951171875,prediction
2026-09-29 22:56:00,2026-09-30 17:56:00,India,Total emissions,0.3199999928474426,prediction
2026-09-29 22:56:00,2026-09-30 18:56:00,India,Total emissions,0.3199999928474426,prediction
2026-09-29 22:56:00,2026-09-30 19:56:00,India,Total emissions,0.3199999928474426,prediction
2026-09-29 22:56:00,2026-09-30 20:56:00,India,Total emissions,98.62000274658203,prediction
2026-09-29 22:56:00,2026-09-30 21:56:00,India,Total emissions,0.3199999928474426,prediction
2026-09-29 22:56:00,2026-09-30 22:56:00,India,Total emissions,0.3199999928474426,prediction
2026-09-29 23:07:00,2026-09-30 00:07:00,India,Total emissions,0.3199999928474426,prediction
2026-09-29 23:07:00,2026-09-30 01:07:00,India,Total emissions,368.8699951171875,prediction
2026-09-29 23:07:00,2026-09-30 02:07:00,India,Total emissions,62.93000030517578,prediction
2026-09-29 23:07:00,2026-09-30 03:07:00,India,Total emissions,171.33999633789062,prediction
2026-09-29 23:07:00,2026-09-30 04:07:00,India,Total emissions,158.6300048828125,prediction
2026-09-29 23:07:00,2026-09-30 05:07:00,India,Total emissions,0.3199999928474426,prediction
2026-09-29 23:07:00,2026-09-30 06:07:00,India,Total emissions,123.5,prediction
2026-09-29 23:07:00,2026-09-30 07:07:00,India,Total emissions,0.3199999928474426,prediction
2026-09-29 23:07:00,2026-09-30 08:07:00,India,Total emissions,300.2699890136719,prediction
2026-09-29 23:07:00,2026-09-30 09:07:00,India,Total emissions,214.11000061035156,prediction
2026-09-29 23:07:00,2026-09-30 10:07:00,India,Total emissions,182.77999877929688,prediction
2026-09-29 23:07:00,2026-09-30 11:07:00,India,Total emissions,65.5199966430664,prediction
2026-09-29 23:07:00,2026-09-30 12:07:00,India,Total emissions,154.30999755859375,prediction
2026-09-29 23:07:00,2026-09-30 13:07:00,India,Total emissions,362.80999755859375,prediction
2026-09-29 23:07:00,2026-09-30 14:07:00,India,Total emissions,0.3199999928474426,prediction
2026-09-29 23:07:00,2026-09-30 15:07:00,India,Total emissions,94.51000213623047,prediction
2026-09-29 23:07:00,2026-09-30 16:07:00,India,Total emissions,0.3199999928474426,prediction
2026-09-29 23:07:00,2026-09-30 17:07:00,India,Total emissions,595.3699951171875,prediction
2026-09-29 23:07:00,2026-09-30 18:07:00,India,Total emissions,0.3199999928474426,prediction
2026-09-29 23:07:00,2026-09-30 19:07:00,India,Total emissions,0.3199999928474426,prediction
2026-09-29 23:07:00,2026-09-30 20:07:00,India,Total emissions,0.3199999928474426,prediction
2026-09-29 23:07:00,2026-09-30 21:07:00,India,Total emissions,98.62000274658203,prediction
2026-09-29 23:07:00,2026-09-30 22:07:00,India,Total emissions,0.3199999928474426,prediction
2026-09-29 23:07:00,2026-09-30 23:07:00,India,Total emissions,0.3199999928474426,prediction
2026-09-29 23:09:00,2026-09-30 00:09:00,India,Total emissions,0.3199999928474426,prediction
2026-09-29 23:09:00,2026-09-30 01:09:00,India,Total emissions,368.8699951171875,prediction
2026-09-29 23:09:00,2026-09-30 02:09:00,India,Total emissions,62.93000030517578,prediction
2026-09-29 23:09:00,2026-09-30 03:09:00,India,Total emissions,171.33999633789062,prediction
2026-09-29 23:09:00,2026-09-30 04:09:00,India,Total emissions,158.6300048828125,prediction
2026-09-29 23:09:00,2026-09-30 05:09:00,India,Total emissions,0.3199999928474426,prediction
2026-09-29 23:09:00,2026-09-30 06:09:00,India,Total emissions,123.5,prediction
2026-09-29 23:09:00,2026-09-30 07:09:00,India,Total emissions,0.3199999928474426,prediction
2026-09-29 23:09:00,2026-09-30 08:09:00,India,Total emissions,300.2699890136719,prediction
2026-09-29 23:09:00,2026-09-30 09:09:00,India,Total emissions,214.11000061035156,prediction
2026-09-29 23:09:00,2026-09-30 10:09:00,India,Total emissions,182.77999877929688,prediction
2026-09-29 23:09:00,2026-09-30 11:09:00,India,Total emissions,65.5199966430664,prediction
2026-09-29 23:09:00,2026-09-30 12:09:00,India,Total emissions,154.30999755859375,prediction
2026-09-29 23:09:00,2026-09-30 13:09:00,India,Total emissions,362.80999755859375,prediction
2026-09-29 23:09:00,2026-09-30 14:09:00,India,Total emissions,0.3199999928474426,prediction
2026-09-29 23:09:00,2026-09-30 15:09:00,India,Total emissions,94.51000213623047,prediction
2026-09-29 23:09:00,2026-09-30 16:09:00,India,Total emissions,0.3199999928474426,prediction
2026-09-29 23:09:00,2026-09-30 17:09:00,India,Total emissions,595.3699951171875,prediction
2026-09-29 23:09:00,2026-09-30 18:09:00,India,Total emissions,0.3199999928474426,prediction
2026-09-29 23:09:00,2026-09-30 19:09:00,India,Total emissions,0.3199999928474426,prediction
2026-09-29 23:09:00,2026-09-30 20:09:00,India,Total emissions,0.3199999928474426,prediction
2026-09-29 23:09:00,2026-09-30 21:09:00,India,Total emissions,98.62000274658203,prediction
2026-09-29 23:09:00,2026-09-30 22:09:00,India,Total emissions,0.3199999928474426,prediction
2026-09-29 23:09:00,2026-09-30 23:09:00,India,Total emissions,0.3199999928474426,prediction
2026-09-29 23:10:00,2026-09-30 00:10:00,India,Total emissions,0.3199999928474426,prediction
2026-09-29 23:10:00,2026-09-30 01:10:00,India,Total emissions,368.8699951171875,prediction
2026-09-29 23:10:00,2026-09-30 02:10:00,India,Total emissions,62.93000030517578,prediction
2026-09-29 23:10:00,2026-09-30 03:10:00,India,Total emissions,171.33999633789062,prediction
2026-09-29 23:10:00,2026-09-30 04:10:00,India,Total emissions,158.6300048828125,prediction
2026-09-29 23:10:00,2026-09-30 05:10:00,India,Total emissions,0.3199999928474426,prediction
2026-09-29 23:10:00,2026-09-30 06:10:00,India,Total emissions,123.5,prediction
2026-09-29 23:10:00,2026-09-30 07:10:00,India,Total emissions,0.3199999928474426,prediction
2026-09-29 23:10:00,2026-09-30 08:10:00,India,Total emissions,300.2699890136719,prediction
2026-09-29 23:10:00,2026-09-30 09:10:00,India,Total emissions,214.11000061035156,prediction
2026-09-29 23:10:00,2026-09-30 10:10:00,India,Total emissions,182.77999877929688,prediction
2026-09-29 23:10:00,2026-09-30 11:10:00,India,Total emissions,65.5199966430664,prediction
2026-09-29 23:10:00,2026-09-30 12:10:00,India,Total emissions,154.30999755859375,prediction
2026-09-29 23:10:00,2026-09-30 13:10:00,India,Total emissions,362.80999755859375,prediction
2026-09-29 23:10:00,2026-09-30 14:10:00,India,Total emissions,0.3199999928474426,prediction
2026-09-29 23:10:00,2026-09-30 15:10:00,India,Total emissions,94.51000213623047,prediction
2026-09-29 23:10:00,2026-09-30 16:10:00,India,Total emissions,0.3199999928474426,prediction
2026-09-29 23:10:00,2026-09-30 17:10:00,India,Total emissions,595.3699951171875,prediction
2026-09-29 23:10:00,2026-09-30 18:10:00,India,Total emissions,0.3199999928474426,prediction
2026-09-29 23:10:00,2026-09-30 19:10:00,India,Total emissions,0.3199999928474426,prediction
2026-09-29 23:10:00,2026-09-30 20:10:00,India,Total emissions,0.3199999928474426,prediction
2026-09-29 23:10:00,2026-09-30 21:10:00,India,Total emissions,98.62000274658203,prediction
2026-09-29 23:10:00,2026-09-30 22:10:00,India,Total emissions,0.3199999928474426,prediction
2026-09-29 23:10:00,2026-09-30 23:10:00,India,Total emissions,0.3199999928474426,prediction
2026-10-01 10:32:00,2026-10-01 11:32:00,India,Total emissions,0.3199999928474426,prediction
2026-10-01 10:32:00,2026-10-01 12:32:00,India,Total emissions,368.8699951171875,prediction
2026-10-01 10:32:00,2026-10-01 13:32:00,India,Total emissions,62.93000030517578,prediction
2026-10-01 10:32:00,2026-10-01 14:32:00,India,Total emissions,171.33999633789062,prediction
2026-10-01 10:32:00,2026-10-01 15:32:00,India,Total emissions,158.6300048828125,prediction
2026-10-01 10:32:00,2026-10-01 16:32:00,India,Total emissions,0.3199999928474426,prediction
2026-10-01 10:32:00,2026-10-01 17:32:00,India,Total emissions,123.5,prediction
2026-10-01 10:32:00,2026-10-01 18:32:00,India,Total emissions,0.3199999928474426,prediction
2026-10-01 10:32:00,2026-10-01 19:32:00,India,Total emissions,300.2699890136719,prediction
2026-10-01 10:32:00,2026-10-01 20:32:00,India,Total emissions,214.11000061035156,prediction
2026-10-01 10:32:00,2026-10-01 21:32:00,India,Total emissions,182.77999877929688,prediction
2026-10-01 10:32:00,2026-10-01 22:32:00,India,Total emissions,65.5199966430664,prediction
2026-10-01 10:32:00,2026-10-01 23:32:00,India,Total emissions,154.30999755859375,prediction
2026-10-01 10:32:00,2026-10-02 00:32:00,India,Total emissions,362.80999755859375,prediction
2026-10-01 10:32:00,2026-10-02 01:32:00,India,Total emissions,0.3199999928474426,prediction
2026-10-01 10:32:00,2026-10-02 02:32:00,India,Total emissions,94.51000213623047,prediction
2026-10-01 10:32:00,2026-10-02 03:32:00,India,Total emissions,0.3199999928474426,prediction
2026-10-01 10:32:00,2026-10-02 04:32:00,India,Total emissions,595.3699951171875,prediction
2026-10-01 10:32:00,2026-10-02 05:32:00,India,Total emissions,0.3199999928474426,prediction
2026-10-01 10:32:00,2026-10-02 06:32:00,India,Total emissions,0.3199999928474426,prediction
2026-10-01 10:32:00,2026-10-02 07:32:00,India,Total emissions,0.3199999928474426,prediction
2026-10-01 10:32:00,2026-10-02 08:32:00,India,Total emissions,98.62000274658203,prediction
2026-10-01 10:32:00,2026-10-02 09:32:00,India,Total emissions,0.3199999928474426,prediction
2026-10-01 10:32:00,2026-10-02 10:32:00,India,Total emissions,0.3199999928474426,prediction
2026-10-01 05:49:00,2026-10-01 06:49:00,India,Total emissions,0.3199999928474426,prediction
2026-10-01 05:49:00,2026-10-01 07:49:00,India,Total emissions,368.8699951171875,prediction
2026-10-01 05:49:00,2026-10-01 08:49:00,India,Total emissions,62.93000030517578,prediction
2026-10-01 05:49:00,2026-10-01 09:49:00,India,Total emissions,171.33999633789062,prediction
2026-10-01 05:49:00,2026-10-01 10:49:00,India,Total emissions,158.6300048828125,prediction
2026-10-01 05:49:00,2026-10-01 11:49:00,India,Total emissions,0.3199999928474426,prediction
2026-10-01 05:49:00,2026-10-01 12:49:00,India,Total emissions,123.5,prediction
2026-10-01 05:49:00,2026-10-01 13:49:00,India,Total emissions,0.3199999928474426,prediction
2026-10-01 05:49:00,2026-10-01 14:49:00,India,Total emissions,300.2699890136719,prediction
2026-10-01 05:49:00,2026-10-01 15:49:00,India,Total emissions,214.11000061035156,prediction
2026-10-01 05:49:00,2026-10-01 16:49:00,India,Total emissions,182.77999877929688,prediction
2026-10-01 05:49:00,2026-10-01 17:49:00,India,Total emissions,65.5199966430664,prediction
2026-10-01 05:49:00,2026-10-01 18:49:00,India,Total emissions,154.30999755859375,prediction
2026-10-01 05:49:00,2026-10-01 19:49:00,India,Total emissions,362.80999755859375,prediction
2026-10-01 05:49:00,2026-10-01 20:49:00,India,Total emissions,0.3199999928474426,prediction
2026-10-01 05:49:00,2026-10-01 21:49:00,India,Total emissions,94.51000213623047,prediction
2026-10-01 05:49:00,2026-10-01 22:49:00,India,Total emissions,0.3199999928474426,prediction
2026-10-01 05:49:00,2026-10-01 23:49:00,India,Total emissions,595.3699951171875,prediction
2026-10-01 05:49:00,2026-10-02 00:49:00,India,Total emissions,0.3199999928474426,prediction
2026-10-01 05:49:00,2026-10-02 01:49:00,India,Total emissions,0.3199999928474426,prediction
2026-10-01 05:49:00,2026-10-02 02:49:00,India,Total emissions,0.3199999928474426,prediction
2026-10-01 05:49:00,2026-10-02 03:49:00,India,Total emissions,98.62000274658203,prediction
2026-10-01 05:49:00,2026-10-02 04:49:00,India,Total emissions,0.3199999928474426,prediction
2026-10-01 05:49:00,2026-10-02 05:49:00,India,Total emissions,0.3199999928474426,prediction
2026-10-01 11:59:00,2026-10-01 12:59:00,India,Total emissions,162471.15625,prediction
2026-10-01 11:59:00,2026-10-01 13:59:00,India,Total emissions,163419.953125,prediction
2026-10-01 11:59:00,2026-10-01 14:59:00,India,Total emissions,162336.8125,prediction
2026-10-01 11:59:00,2026-10-01 15:59:00,India,Total emissions,162754.84375,prediction
2026-10-01 11:59:00,2026-10-01 16:59:00,India,Total emissions,162783.640625,prediction
2026-10-01 11:59:00,2026-10-01 17:59:00,India,Total emissions,161855.109375,prediction
2026-10-01 11:59:00,2026-10-01 18:59:00,India,Total emissions,162495.53125,prediction
2026-10-01 11:59:00,2026-10-01 19:59:00,India,Total emissions,161808.609375,prediction
2026-10-01 11:59:00,2026-10-01 20:59:00,India,Total emissions,163017.671875,prediction
2026-10-01 11:59:00,2026-10-01 21:59:00,India,Total emissions,162791.546875,prediction
2026-10-01 11:59:00,2026-10-01 22:59:00,India,Total emissions,162935.328125,prediction
2026-10-01 11:59:00,2026-10-01 23:59:00,India,Total emissions,162390.265625,prediction
2026-10-01 11:59:00,2026-10-02 00:59:00,India,Total emissions,162578.28125,prediction
2026-10-01 11:59:00,2026-10-02 01:59:00,India,Total emissions,163566.109375,prediction
2026-10-01 11:59:00,2026-10-02 02:59:00,India,Total emissions,161963.140625,prediction
2026-10-01 11:59:00,2026-10-02 03:59:00,India,Total emissions,162244.265625,prediction
2026-10-01 11:59:00,2026-10-02 04:59:00,India,Total emissions,161815.65625,prediction
2026-10-01 11:59:00,2026-10-02 05:59:00,India,Total emissions,164322.84375,prediction
2026-10-01 11:59:00,2026-10-02 06:59:00,India,Total emissions,161808.609375,prediction
2026-10-01 11:59:00,2026-10-02 07:59:00,India,Total emissions,161808.609375,prediction
2026-10-01 11:59:00,2026-10-02 08:59:00,India,Total emissions,162054.125,prediction
2026-10-01 11:59:00,2026-10-02 09:59:00,India,Total emissions,162581.953125,prediction
2026-10-01 11:59:00,2026-10-02 10:59:00,India,Total emissions,161982.84375,prediction
2026-10-01 11:59:00,2026-10-02 11:59:00,India,Total emissions,161808.609375,prediction
2026-10-01 06:35:00,2026-10-01 07:35:00,India,Total emissions,162471.15625,prediction
2026-10-01 06:35:00,2026-10-01 08:35:00,India,Total emissions,163419.953125,prediction
2026-10-01 06:35:00,2026-10-01 09:35:00,India,Total emissions,162336.8125,prediction
2026-10-01 06:35:00,2026-10-01 10:35:00,India,Total emissions,162754.84375,prediction
2026-10-01 06:35:00,2026-10-01 11:35:00,India,Total emissions,162783.640625,prediction
2026-10-01 06:35:00,2026-10-01 12:35:00,India,Total emissions,161855.109375,prediction
2026-10-01 06:35:00,2026-10-01 13:35:00,India,Total emissions,162495.53125,prediction
2026-10-01 06:35:00,2026-10-01 14:35:00,India,Total emissions,161808.609375,prediction
2026-10-01 06:35:00,2026-10-01 15:35:00,India,Total emissions,163017.671875,prediction
2026-10-01 06:35:00,2026-10-01 16:35:00,India,Total emissions,162791.546875,prediction
2026-10-01 06:35:00,2026-10-01 17:35:00,India,Total emissions,162935.328125,prediction
2026-10-01 06:35:00,2026-10-01 18:35:00,India,Total emissions,162390.265625,prediction
2026-10-01 06:35:00,2026-10-01 19:35:00,India,Total emissions,162578.28125,prediction
2026-10-01 06:35:00,2026-10-01 20:35:00,India,Total emissions,163566.109375,prediction
2026-10-01 06:35:00,2026-10-01 21:35:00,India,Total emissions,161963.140625,prediction
2026-10-01 06:35:00,2026-10-01 22:35:00,India,Total emissions,162244.265625,prediction
2026-10-01 06:35:00,2026-10-01 23:35:00,India,Total emissions,161815.65625,prediction
2026-10-01 06:35:00,2026-10-02 00:35:00,India,Total emissions,164322.84375,prediction
2026-10-01 06:35:00,2026-10-02 01:35:00,India,Total emissions,161808.609375,prediction
2026-10-01 06:35:00,2026-10-02 02:35:00,India,Total emissions,161808.609375,prediction
2026-10-01 06:35:00,2026-10-02 03:35:00,India,Total emissions,162054.125,prediction
2026-10-01 06:35:00,2026-10-02 04:35:00,India,Total emissions,162581.953125,prediction
2026-10-01 06:35:00,2026-10-02 05:35:00,India,Total emissions,161982.84375,prediction
2026-10-01 06:35:00,2026-10-02 06:35:00,India,Total emissions,161808.609375,prediction
2026-10-01 12:05:00,2026-10-01 13:05:00,India,Carbon intensity,607.0,prediction
2026-10-01 12:05:00,2026-10-01 14:05:00,India,Carbon intensity,612.3599853515625,prediction
2026-10-01 12:05:00,2026-10-01 15:05:00,India,Carbon intensity,606.239990234375,prediction
2026-10-01 12:05:00,2026-10-01 16:05:00,India,Carbon intensity,608.5999755859375,prediction
2026-10-01 12:05:00,2026-10-01 17:05:00,India,Carbon intensity,608.760009765625,prediction
2026-10-01 12:05:00,2026-10-01 18:05:00,India,Carbon intensity,603.52001953125,prediction
2026-10-01 12:05:00,2026-10-01 19:05:00,India,Carbon intensity,607.1400146484375,prediction
2026-10-01 12:05:00,2026-10-01 20:05:00,India,Carbon intensity,603.260009765625,prediction
2026-10-01 12:05:00,2026-10-01 21:05:00,India,Carbon intensity,610.0900268554688,prediction
2026-10-01 12:05:00,2026-10-01 22:05:00,India,Carbon intensity,608.8099975585938,prediction
2026-10-01 12:05:00,2026-10-01 23:05:00,India,Carbon intensity,609.6199951171875,prediction
2026-10-01 12:05:00,2026-10-02 00:05:00,India,Carbon intensity,606.5399780273438,prediction
2026-10-01 12:05:00,2026-10-02 01:05:00,India,Carbon intensity,607.5999755859375,prediction
2026-10-01 12:05:00,2026-10-02 02:05:00,India,Carbon intensity,613.1799926757812,prediction
2026-10-01 12:05:00,2026-10-02 03:05:00,India,Carbon intensity,604.1300048828125,prediction
2026-10-01 12:05:00,2026-10-02 04:05:00,India,Carbon intensity,605.719970703125,prediction
2026-10-01 12:05:00,2026-10-02 05:05:00,India,Carbon intensity,603.2999877929688,prediction
2026-10-01 12:05:00,2026-10-02 06:05:00,India,Carbon intensity,617.4600219726562,prediction
2026-10-01 12:05:00,2026-10-02 07:05:00,India,Carbon intensity,603.260009765625,prediction
2026-10-01 12:05:00,2026-10-02 08:05:00,India,Carbon intensity,603.260009765625,prediction
2026-10-01 12:05:00,2026-10-02 09:05:00,India,Carbon intensity,604.6400146484375,prediction
2026-10-01 12:05:00,2026-10-02 10:05:00,India,Carbon intensity,607.6300048828125,prediction
2026-10-01 12:05:00,2026-10-02 11:05:00,India,Carbon intensity,604.239990234375,prediction
2026-10-01 12:05:00,2026-10-02 12:05:00,India,Carbon intensity,603.260009765625,prediction
2026-10-05 18:25:00,2026-10-05 19:25:00,India,Carbon intensity,607.0,prediction
2026-10-05 18:25:00,2026-10-05 20:25:00,India,Carbon intensity,612.3599853515625,prediction
2026-10-05 18:25:00,2026-10-05 21:25:00,India,Carbon intensity,606.239990234375,prediction
2026-10-05 18:25:00,2026-10-05 22:25:00,India,Carbon intensity,608.5999755859375,prediction
2026-10-05 18:25:00,2026-10-05 23:25:00,India,Carbon intensity,608.760009765625,prediction
2026-10-05 18:25:00,2026-10-06 00:25:00,India,Carbon intensity,603.52001953125,prediction
2026-10-05 18:25:00,2026-10-06 01:25:00,India,Carbon intensity,607.1400146484375,prediction
2026-10-05 18:25:00,2026-10-06 02:25:00,India,Carbon intensity,603.260009765625,prediction
2026-10-05 18:25:00,2026-10-06 03:25:00,India,Carbon intensity,610.0900268554688,prediction
2026-10-05 18:25:00,2026-10-06 04:25:00,India,Carbon intensity,608.8099975585938,prediction
2026-10-05 18:25:00,2026-10-06 05:25:00,India,Carbon intensity,609.6199951171875,prediction
2026-10-05 18:25:00,2026-10-06 06:25:00,India,Carbon intensity,606.5399780273438,prediction
2026-10-05 18:25:00,2026-10-06 07:25:00,India,Carbon intensity,607.5999755859375,prediction
2026-10-05 18:25:00,2026-10-06 08:25:00,India,Carbon intensity,613.1799926757812,prediction
2026-10-05 18:25:00,2026-10-06 09:25:00,India,Carbon intensity,604.1300048828125,prediction
2026-10-05 18:25:00,2026-10-06 10:25:00,India,Carbon intensity,605.719970703125,prediction
2026-10-05 18:25:00,2026-10-06 11:25:00,India,Carbon intensity,603.2999877929688,prediction
2026-10-05 18:25:00,2026-10-06 12:25:00,India,Carbon intensity,617.4600219726562,prediction
2026-10-05 18:25:00,2026-10-06 13:25:00,India,Carbon intensity,603.260009765625,prediction
2026-10-05 18:25:00,2026-10-06 14:25:00,India,Carbon intensity,603.260009765625,prediction
2026-10-05 18:25:00,2026-10-06 15:25:00,India,Carbon intensity,604.6400146484375,prediction
2026-10-05 18:25:00,2026-10-06 16:25:00,India,Carbon intensity,607.6300048828125,prediction
2026-10-05 18:25:00,2026-10-06 17:25:00,India,Carbon intensity,604.239990234375,prediction
2026-10-05 18:25:00,2026-10-06 18:25:00,India,Carbon intensity,603.260009765625,prediction
2026-10-05 18:25:00,2026-10-05 19:25:00,India,Carbon intensity,607.0,prediction
2026-10-05 18:25:00,2026-10-05 20:25:00,India,Carbon intensity,612.3599853515625,prediction
2026-10-05 18:25:00,2026-10-05 21:25:00,India,Carbon intensity,606.239990234375,prediction
2026-10-05 18:25:00,2026-10-05 22:25:00,India,Carbon intensity,608.5999755859375,prediction
2026-10-05 18:25:00,2026-10-05 23:25:00,India,Carbon intensity,608.760009765625,prediction
2026-10-05 18:25:00,2026-10-06 00:25:00,India,Carbon intensity,603.52001953125,prediction
2026-10-05 18:25:00,2026-10-06 01:25:00,India,Carbon intensity,607.1400146484375,prediction
2026-10-05 18:25:00,2026-10-06 02:25:00,India,Carbon intensity,603.260009765625,prediction
2026-10-05 18:25:00,2026-10-06 03:25:00,India,Carbon intensity,610.0900268554688,prediction
2026-10-05 18:25:00,2026-10-06 04:25:00,India,Carbon intensity,608.8099975585938,prediction
2026-10-05 18:25:00,2026-10-06 05:25:00,India,Carbon intensity,609.6199951171875,prediction
2026-10-05 18:25:00,2026-10-06 06:25:00,India,Carbon intensity,606.5399780273438,prediction
2026-10-05 18:25:00,2026-10-06 07:25:00,India,Carbon intensity,607.5999755859375,prediction
2026-10-05 18:25:00,2026-10-06 08:25:00,India,Carbon intensity,613.1799926757812,prediction
2026-10-05 18:25:00,2026-10-06 09:25:00,India,Carbon intensity,604.1300048828125,prediction
2026-10-05 18:25:00,2026-10-06 10:25:00,India,Carbon intensity,605.719970703125,prediction
2026-10-05 18:25:00,2026-10-06 11:25:00,India,Carbon intensity,603.2999877929688,prediction
2026-10-05 18:25:00,2026-10-06 12:25:00,India,Carbon intensity,617.4600219726562,prediction
2026-10-05 18:25:00,2026-10-06 13:25:00,India,Carbon intensity,603.260009765625,prediction
2026-10-05 18:25:00,2026-10-06 14:25:00,India,Carbon intensity,603.260009765625,prediction
2026-10-05 18:25:00,2026-10-06 15:25:00,India,Carbon intensity,604.6400146484375,prediction
2026-10-05 18:25:00,2026-10-06 16:25:00,India,Carbon intensity,607.6300048828125,prediction
2026-10-05 18:25:00,2026-10-06 17:25:00,India,Carbon intensity,604.239990234375,prediction
2026-10-05 18:25:00,2026-10-06 18:25:00,India,Carbon intensity,603.260009765625,prediction
2026-10-05 18:27:00,2026-10-05 19:27:00,India,Carbon intensity,607.0,prediction
2026-10-05 18:27:00,2026-10-05 20:27:00,India,Carbon intensity,612.3599853515625,prediction
2026-10-05 18:27:00,2026-10-05 21:27:00,India,Carbon intensity,606.239990234375,prediction
2026-10-05 18:27:00,2026-10-05 22:27:00,India,Carbon intensity,608.5999755859375,prediction
2026-10-05 18:27:00,2026-10-05 23:27:00,India,Carbon intensity,608.760009765625,prediction
2026-10-05 18:27:00,2026-10-06 00:27:00,India,Carbon intensity,603.52001953125,prediction
2026-10-05 18:27:00,2026-10-06 01:27:00,India,Carbon intensity,607.1400146484375,prediction
2026-10-05 18:27:00,2026-10-06 02:27:00,India,Carbon intensity,603.260009765625,prediction
2026-10-05 18:27:00,2026-10-06 03:27:00,India,Carbon intensity,610.0900268554688,prediction
2026-10-05 18:27:00,2026-10-06 04:27:00,India,Carbon intensity,608.8099975585938,prediction
2026-10-05 18:27:00,2026-10-06 05:27:00,India,Carbon intensity,609.6199951171875,prediction
2026-10-05 18:27:00,2026-10-06 06:27:00,India,Carbon intensity,606.5399780273438,prediction
2026-10-05 18:27:00,2026-10-06 07:27:00,India,Carbon intensity,607.5999755859375,prediction
2026-10-05 18:27:00,2026-10-06 08:27:00,India,Carbon intensity,613.1799926757812,prediction
2026-10-05 18:27:00,2026-10-06 09:27:00,India,Carbon intensity,604.1300048828125,prediction
2026-10-05 18:27:00,2026-10-06 10:27:00,India,Carbon intensity,605.719970703125,prediction
2026-10-05 18:27:00,2026-10-06 11:27:00,India,Carbon intensity,603.2999877929688,prediction
2026-10-05 18:27:00,2026-10-06 12:27:00,India,Carbon intensity,617.4600219726562,prediction
2026-10-05 18:27:00,2026-10-06 13:27:00,India,Carbon intensity,603.260009765625,prediction
2026-10-05 18:27:00,2026-10-06 14:27:00,India,Carbon intensity,603.260009765625,prediction
2026-10-05 18:27:00,2026-10-06 15:27:00,India,Carbon intensity,604.6400146484375,prediction
2026-10-05 18:27:00,2026-10-06 16:27:00,India,Carbon intensity,607.6300048828125,prediction
2026-10-05 18:27:00,2026-10-06 17:27:00,India,Carbon intensity,604.239990234375,prediction
2026-10-05 18:27:00,2026-10-06 18:27:00,India,Carbon intensity,603.260009765625,prediction
2026-10-05 18:45:00,2026-10-05 19:45:00,India,Carbon intensity,607.0,prediction
2026-10-05 18:45:00,2026-10-05 20:45:00,India,Carbon intensity,612.3599853515625,prediction
2026-10-05 18:45:00,2026-10-05 21:45:00,India,Carbon intensity,606.239990234375,prediction
2026-10-05 18:45:00,2026-10-05 22:45:00,India,Carbon intensity,608.5999755859375,prediction
2026-10-05 18:45:00,2026-10-05 23:45:00,India,Carbon intensity,608.760009765625,prediction
2026-10-05 18:45:00,2026-10-06 00:45:00,India,Carbon intensity,603.52001953125,prediction
2026-10-05 18:45:00,2026-10-06 01:45:00,India,Carbon intensity,607.1400146484375,prediction
2026-10-05 18:45:00,2026-10-06 02:45:00,India,Carbon intensity,603.260009765625,prediction
2026-10-05 18:45:00,2026-10-06 03:45:00,India,Carbon intensity,610.0900268554688,prediction
2026-10-05 18:45:00,2026-10-06 04:45:00,India,Carbon intensity,608.8099975585938,prediction
2026-10-05 18:45:00,2026-10-06 05:45:00,India,Carbon intensity,609.6199951171875,prediction
2026-10-05 18:45:00,2026-10-06 06:45:00,India,Carbon intensity,606.5399780273438,prediction
2026-10-05 18:45:00,2026-10-06 07:45:00,India,Carbon intensity,607.5999755859375,prediction
2026-10-05 18:45:00,2026-10-06 08:45:00,India,Carbon intensity,613.1799926757812,prediction
2026-10-05 18:45:00,2026-10-06 09:45:00,India,Carbon intensity,604.1300048828125,prediction
2026-10-05 18:45:00,2026-10-06 10:45:00,India,Carbon intensity,605.719970703125,prediction
2026-10-05 18:45:00,2026-10-06 11:45:00,India,Carbon intensity,603.2999877929688,prediction
2026-10-05 18:45:00,2026-10-06 12:45:00,India,Carbon intensity,617.4600219726562,prediction
2026-10-05 18:45:00,2026-10-06 13:45:00,India,Carbon intensity,603.260009765625,prediction
2026-10-05 18:45:00,2026-10-06 14:45:00,India,Carbon intensity,603.260009765625,prediction
2026-10-05 18:45:00,2026-10-06 15:45:00,India,Carbon intensity,604.6400146484375,prediction
2026-10-05 18:45:00,2026-10-06 16:45:00,India,Carbon intensity,607.6300048828125,prediction
2026-10-05 18:45:00,2026-10-06 17:45:00,India,Carbon intensity,604.239990234375,prediction
2026-10-05 18:45:00,2026-10-06 18:45:00,India,Carbon intensity,603.260009765625,prediction
2026-10-05 18:46:00,2026-10-05 19:46:00,India,Carbon intensity,607.0,prediction
2026-10-05 18:46:00,2026-10-05 20:46:00,India,Carbon intensity,612.3599853515625,prediction
2026-10-05 18:46:00,2026-10-05 21:46:00,India,Carbon intensity,606.239990234375,prediction
2026-10-05 18:46:00,2026-10-05 22:46:00,India,Carbon intensity,608.5999755859375,prediction
2026-10-05 18:46:00,2026-10-05 23:46:00,India,Carbon intensity,608.760009765625,prediction
2026-10-05 18:46:00,2026-10-06 00:46:00,India,Carbon intensity,603.52001953125,prediction
2026-10-05 18:46:00,2026-10-06 01:46:00,India,Carbon intensity,607.1400146484375,prediction
2026-10-05 18:46:00,2026-10-06 02:46:00,India,Carbon intensity,603.260009765625,prediction
2026-10-05 18:46:00,2026-10-06 03:46:00,India,Carbon intensity,610.0900268554688,prediction
2026-10-05 18:46:00,2026-10-06 04:46:00,India,Carbon intensity,608.8099975585938,prediction
2026-10-05 18:46:00,2026-10-06 05:46:00,India,Carbon intensity,609.6199951171875,prediction
2026-10-05 18:46:00,2026-10-06 06:46:00,India,Carbon intensity,606.5399780273438,prediction
2026-10-05 18:46:00,2026-10-06 07:46:00,India,Carbon intensity,607.5999755859375,prediction
2026-10-05 18:46:00,2026-10-06 08:46:00,India,Carbon intensity,613.1799926757812,prediction
2026-10-05 18:46:00,2026-10-06 09:46:00,India,Carbon intensity,604.1300048828125,prediction
2026-10-05 18:46:00,2026-10-06 10:46:00,India,Carbon intensity,605.719970703125,prediction
2026-10-05 18:46:00,2026-10-06 11:46:00,India,Carbon intensity,603.2999877929688,prediction
2026-10-05 18:46:00,2026-10-06 12:46:00,India,Carbon intensity,617.4600219726562,prediction
2026-10-05 18:46:00,2026-10-06 13:46:00,India,Carbon intensity,603.260009765625,prediction
2026-10-05 18:46:00,2026-10-06 14:46:00,India,Carbon intensity,603.260009765625,prediction
2026-10-05 18:46:00,2026-10-06 15:46:00,India,Carbon intensity,604.6400146484375,prediction
2026-10-05 18:46:00,2026-10-06 16:46:00,India,Carbon intensity,607.6300048828125,prediction
2026-10-05 18:46:00,2026-10-06 17:46:00,India,Carbon intensity,604.239990234375,prediction
2026-10-05 18:46:00,2026-10-06 18:46:00,India,Carbon intensity,603.260009765625,prediction
2026-10-05 18:49:00,2026-10-05 19:49:00,India,Carbon intensity,607.0,prediction
2026-10-05 18:49:00,2026-10-05 20:49:00,India,Carbon intensity,612.3599853515625,prediction
2026-10-05 18:49:00,2026-10-05 21:49:00,India,Carbon intensity,606.239990234375,prediction
2026-10-05 18:49:00,2026-10-05 22:49:00,India,Carbon intensity,608.5999755859375,prediction
2026-10-05 18:49:00,2026-10-05 23:49:00,India,Carbon intensity,608.760009765625,prediction
2026-10-05 18:49:00,2026-10-06 00:49:00,India,Carbon intensity,603.52001953125,prediction
2026-10-05 18:49:00,2026-10-06 01:49:00,India,Carbon intensity,607.1400146484375,prediction
2026-10-05 18:49:00,2026-10-06 02:49:00,India,Carbon intensity,603.260009765625,prediction
2026-10-05 18:49:00,2026-10-06 03:49:00,India,Carbon intensity,610.0900268554688,prediction
2026-10-05 18:49:00,2026-10-06 04:49:00,India,Carbon intensity,608.8099975585938,prediction
2026-10-05 18:49:00,2026-10-06 05:49:00,India,Carbon intensity,609.6199951171875,prediction
2026-10-05 18:49:00,2026-10-06 06:49:00,India,Carbon intensity,606.5399780273438,prediction
2026-10-05 18:49:00,2026-10-06 07:49:00,India,Carbon intensity,607.5999755859375,prediction
2026-10-05 18:49:00,2026-10-06 08:49:00,India,Carbon intensity,613.1799926757812,prediction
2026-10-05 18:49:00,2026-10-06 09:49:00,India,Carbon intensity,604.1300048828125,prediction
2026-10-05 18:49:00,2026-10-06 10:49:00,India,Carbon intensity,605.719970703125,prediction
2026-10-05 18:49:00,2026-10-06 11:49:00,India,Carbon intensity,603.2999877929688,prediction
2026-10-05 18:49:00,2026-10-06 12:49:00,India,Carbon intensity,617.4600219726562,prediction
2026-10-05 18:49:00,2026-10-06 13:49:00,India,Carbon intensity,603.260009765625,prediction
2026-10-05 18:49:00,2026-10-06 14:49:00,India,Carbon intensity,603.260009765625,prediction
2026-10-05 18:49:00,2026-10-06 15:49:00,India,Carbon intensity,604.6400146484375,prediction
2026-10-05 18:49:00,2026-10-06 16:49:00,India,Carbon intensity,607.6300048828125,prediction
2026-10-05 18:49:00,2026-10-06 17:49:00,India,Carbon intensity,604.239990234375,prediction
2026-10-05 18:49:00,2026-10-06 18:49:00,India,Carbon intensity,603.260009765625,prediction
2026-10-05 18:55:00,2026-10-05 19:55:00,India,Carbon intensity,607.0,prediction
2026-10-05 18:55:00,2026-10-05 20:55:00,India,Carbon intensity,612.3599853515625,prediction
2026-10-05 18:55:00,2026-10-05 21:55:00,India,Carbon intensity,606.239990234375,prediction
2026-10-05 18:55:00,2026-10-05 22:55:00,India,Carbon intensity,608.5999755859375,prediction
2026-10-05 18:55:00,2026-10-05 23:55:00,India,Carbon intensity,608.760009765625,prediction
2026-10-05 18:55:00,2026-10-06 00:55:00,India,Carbon intensity,603.52001953125,prediction
2026-10-05 18:55:00,2026-10-06 01:55:00,India,Carbon intensity,607.1400146484375,prediction
2026-10-05 18:55:00,2026-10-06 02:55:00,India,Carbon intensity,603.260009765625,prediction
2026-10-05 18:55:00,2026-10-06 03:55:00,India,Carbon intensity,610.0900268554688,prediction
2026-10-05 18:55:00,2026-10-06 04:55:00,India,Carbon intensity,608.8099975585938,prediction
2026-10-05 18:55:00,2026-10-06 05:55:00,India,Carbon intensity,609.6199951171875,prediction
2026-10-05 18:55:00,2026-10-06 06:55:00,India,Carbon intensity,606.5399780273438,prediction
2026-10-05 18:55:00,2026-10-06 07:55:00,India,Carbon intensity,607.5999755859375,prediction
2026-10-05 18:55:00,2026-10-06 08:55:00,India,Carbon intensity,613.1799926757812,prediction
2026-10-05 18:55:00,2026-10-06 09:55:00,India,Carbon intensity,604.1300048828125,prediction
2026-10-05 18:55:00,2026-10-06 10:55:00,India,Carbon intensity,605.719970703125,prediction
2026-10-05 18:55:00,2026-10-06 11:55:00,India,Carbon intensity,603.2999877929688,prediction
2026-10-05 18:55:00,2026-10-06 12:55:00,India,Carbon intensity,617.4600219726562,prediction
2026-10-05 18:55:00,2026-10-06 13:55:00,India,Carbon intensity,603.260009765625,prediction
2026-10-05 18:55:00,2026-10-06 14:55:00,India,Carbon intensity,603.260009765625,prediction
2026-10-05 18:55:00,2026-10-06 15:55:00,India,Carbon intensity,604.6400146484375,prediction
2026-10-05 18:55:00,2026-10-06 16:55:00,India,Carbon intensity,607.6300048828125,prediction
2026-10-05 18:55:00,2026-10-06 17:55:00,India,Carbon intensity,604.239990234375,prediction
2026-10-05 18:55:00,2026-10-06 18:55:00,India,Carbon intensity,603.260009765625,prediction
2026-10-05 19:39:00,2026-10-05 20:39:00,India,Carbon intensity,607.0,prediction
2026-10-05 19:39:00,2026-10-05 21:39:00,India,Carbon intensity,612.3599853515625,prediction
2026-10-05 19:39:00,2026-10-05 22:39:00,India,Carbon intensity,606.239990234375,prediction
2026-10-05 19:39:00,2026-10-05 23:39:00,India,Carbon intensity,608.5999755859375,prediction
2026-10-05 19:39:00,2026-10-06 00:39:00,India,Carbon intensity,608.760009765625,prediction
2026-10-05 19:39:00,2026-10-06 01:39:00,India,Carbon intensity,603.52001953125,prediction
2026-10-05 19:39:00,2026-10-06 02:39:00,India,Carbon intensity,607.1400146484375,prediction
2026-10-05 19:39:00,2026-10-06 03:39:00,India,Carbon intensity,603.260009765625,prediction
2026-10-05 19:39:00,2026-10-06 04:39:00,India,Carbon intensity,610.0900268554688,prediction
2026-10-05 19:39:00,2026-10-06 05:39:00,India,Carbon intensity,608.8099975585938,prediction
2026-10-05 19:39:00,2026-10-06 06:39:00,India,Carbon intensity,609.6199951171875,prediction
2026-10-05 19:39:00,2026-10-06 07:39:00,India,Carbon intensity,606.5399780273438,prediction
2026-10-05 19:39:00,2026-10-06 08:39:00,India,Carbon intensity,607.5999755859375,prediction
2026-10-05 19:39:00,2026-10-06 09:39:00,India,Carbon intensity,613.1799926757812,prediction
2026-10-05 19:39:00,2026-10-06 10:39:00,India,Carbon intensity,604.1300048828125,prediction
2026-10-05 19:39:00,2026-10-06 11:39:00,India,Carbon intensity,605.719970703125,prediction
2026-10-05 19:39:00,2026-10-06 12:39:00,India,Carbon intensity,603.2999877929688,prediction
2026-10-05 19:39:00,2026-10-06 13:39:00,India,Carbon intensity,617.4600219726562,prediction
2026-10-05 19:39:00,2026-10-06 14:39:00,India,Carbon intensity,603.260009765625,prediction
2026-10-05 19:39:00,2026-10-06 15:39:00,India,Carbon intensity,603.260009765625,prediction
2026-10-05 19:39:00,2026-10-06 16:39:00,India,Carbon intensity,604.6400146484375,prediction
2026-10-05 19:39:00,2026-10-06 17:39:00,India,Carbon intensity,607.6300048828125,prediction
2026-10-05 19:39:00,2026-10-06 18:39:00,India,Carbon intensity,604.239990234375,prediction
2026-10-05 19:39:00,2026-10-06 19:39:00,India,Carbon intensity,603.260009765625,prediction
2026-10-05 19:41:00,2026-10-05 20:41:00,India,Carbon intensity,607.0,prediction
2026-10-05 19:41:00,2026-10-05 21:41:00,India,Carbon intensity,612.3599853515625,prediction
2026-10-05 19:41:00,2026-10-05 22:41:00,India,Carbon intensity,606.239990234375,prediction
2026-10-05 19:41:00,2026-10-05 23:41:00,India,Carbon intensity,608.5999755859375,prediction
2026-10-05 19:41:00,2026-10-06 00:41:00,India,Carbon intensity,608.760009765625,prediction
2026-10-05 19:41:00,2026-10-06 01:41:00,India,Carbon intensity,603.52001953125,prediction
2026-10-05 19:41:00,2026-10-06 02:41:00,India,Carbon intensity,607.1400146484375,prediction
2026-10-05 19:41:00,2026-10-06 03:41:00,India,Carbon intensity,603.260009765625,prediction
2026-10-05 19:41:00,2026-10-06 04:41:00,India,Carbon intensity,610.0900268554688,prediction
2026-10-05 19:41:00,2026-10-06 05:41:00,India,Carbon intensity,608.8099975585938,prediction
2026-10-05 19:41:00,2026-10-06 06:41:00,India,Carbon intensity,609.6199951171875,prediction
2026-10-05 19:41:00,2026-10-06 07:41:00,India,Carbon intensity,606.5399780273438,prediction
2026-10-05 19:41:00,2026-10-06 08:41:00,India,Carbon intensity,607.5999755859375,prediction
2026-10-05 19:41:00,2026-10-06 09:41:00,India,Carbon intensity,613.1799926757812,prediction
2026-10-05 19:41:00,2026-10-06 10:41:00,India,Carbon intensity,604.1300048828125,prediction
2026-10-05 19:41:00,2026-10-06 11:41:00,India,Carbon intensity,605.719970703125,prediction
2026-10-05 19:41:00,2026-10-06 12:41:00,India,Carbon intensity,603.2999877929688,prediction
2026-10-05 19:41:00,2026-10-06 13:41:00,India,Carbon intensity,617.4600219726562,prediction
2026-10-05 19:41:00,2026-10-06 14:41:00,India,Carbon intensity,603.260009765625,prediction
2026-10-05 19:41:00,2026-10-06 15:41:00,India,Carbon intensity,603.260009765625,prediction
2026-10-05 19:41:00,2026-10-06 16:41:00,India,Carbon intensity,604.6400146484375,prediction
2026-10-05 19:41:00,2026-10-06 17:41:00,India,Carbon intensity,607.6300048828125,prediction
2026-10-05 19:41:00,2026-10-06 18:41:00,India,Carbon intensity,604.239990234375,prediction
2026-10-05 19:41:00,2026-10-06 19:41:00,India,Carbon intensity,603.260009765625,prediction
2026-10-05 19:45:00,2026-10-05 20:45:00,India,Carbon intensity,520.9500122070312,prediction
2026-10-05 19:45:00,2026-10-05 21:45:00,India,Carbon intensity,570.239990234375,prediction
2026-10-05 19:45:00,2026-10-05 22:45:00,India,Carbon intensity,615.6300048828125,prediction
2026-10-05 19:45:00,2026-10-05 23:45:00,India,Carbon intensity,592.75,prediction
2026-10-05 19:45:00,2026-10-06 00:45:00,India,Carbon intensity,581.2899780273438,prediction
2026-10-05 19:45:00,2026-10-06 01:45:00,India,Carbon intensity,521.47998046875,prediction
2026-10-05 19:45:00,2026-10-06 02:45:00,India,Carbon intensity,560.3300170898438,prediction
2026-10-05 19:45:00,2026-10-06 03:45:00,India,Carbon intensity,603.5999755859375,prediction
2026-10-05 19:45:00,2026-10-06 04:45:00,India,Carbon intensity,521.469970703125,prediction
2026-10-05 19:45:00,2026-10-06 05:45:00,India,Carbon intensity,586.469970703125,prediction
2026-10-05 19:45:00,2026-10-06 06:45:00,India,Carbon intensity,527.469970703125,prediction
2026-10-05 19:45:00,2026-10-06 07:45:00,India,Carbon intensity,591.4400024414062,prediction
2026-10-05 19:45:00,2026-10-06 08:45:00,India,Carbon intensity,592.5700073242188,prediction
2026-10-05 19:45:00,2026-10-06 09:45:00,India,Carbon intensity,548.5399780273438,prediction
2026-10-05 19:45:00,2026-10-06 10:45:00,India,Carbon intensity,533.6199951171875,prediction
2026-10-05 19:45:00,2026-10-06 11:45:00,India,Carbon intensity,534.8200073242188,prediction
2026-10-05 19:45:00,2026-10-06 12:45:00,India,Carbon intensity,588.7000122070312,prediction
2026-10-05 19:45:00,2026-10-06 13:45:00,India,Carbon intensity,587.8200073242188,prediction
2026-10-05 19:45:00,2026-10-06 14:45:00,India,Carbon intensity,590.3300170898438,prediction
2026-10-05 19:45:00,2026-10-06 15:45:00,India,Carbon intensity,592.8499755859375,prediction
2026-10-05 19:45:00,2026-10-06 16:45:00,India,Carbon intensity,573.5800170898438,prediction
2026-10-05 19:45:00,2026-10-06 17:45:00,India,Carbon intensity,526.6699829101562,prediction
2026-10-05 19:45:00,2026-10-06 18:45:00,India,Carbon intensity,579.97998046875,prediction
2026-10-05 19:45:00,2026-10-06 19:45:00,India,Carbon intensity,504.94000244140625,prediction
2026-10-05 19:45:00,2026-10-05 20:45:00,India,Carbon intensity,788.9400024414062,prediction
2026-10-05 19:45:00,2026-10-05 21:45:00,India,Carbon intensity,804.0700073242188,prediction
2026-10-05 19:45:00,2026-10-05 22:45:00,India,Carbon intensity,801.8200073242188,prediction
2026-10-05 19:45:00,2026-10-05 23:45:00,India,Carbon intensity,802.9299926757812,prediction
2026-10-05 19:45:00,2026-10-06 00:45:00,India,Carbon intensity,793.8699951171875,prediction
2026-10-05 19:45:00,2026-10-06 01:45:00,India,Carbon intensity,801.47998046875,prediction
2026-10-05 19:45:00,2026-10-06 02:45:00,India,Carbon intensity,796.6599731445312,prediction
2026-10-05 19:45:00,2026-10-06 03:45:00,India,Carbon intensity,798.4400024414062,prediction
2026-10-05 19:45:00,2026-10-06 04:45:00,India,Carbon intensity,798.8499755859375,prediction
2026-10-05 19:45:00,2026-10-06 05:45:00,India,Carbon intensity,792.6500244140625,prediction
2026-10-05 19:45:00,2026-10-06 06:45:00,India,Carbon intensity,799.5900268554688,prediction
2026-10-05 19:45:00,2026-10-06 07:45:00,India,Carbon intensity,804.5900268554688,prediction
2026-10-05 19:45:00,2026-10-06 08:45:00,India,Carbon intensity,803.9000244140625,prediction
2026-10-05 19:45:00,2026-10-06 09:45:00,India,Carbon intensity,802.3499755859375,prediction
2026-10-05 19:45:00,2026-10-06 10:45:00,India,Carbon intensity,789.989990234375,prediction
2026-10-05 19:45:00,2026-10-06 11:45:00,India,Carbon intensity,798.25,prediction
2026-10-05 19:45:00,2026-10-06 12:45:00,India,Carbon intensity,795.4000244140625,prediction
2026-10-05 19:45:00,2026-10-06 13:45:00,India,Carbon intensity,810.260009765625,prediction
2026-10-05 19:45:00,2026-10-06 14:45:00,India,Carbon intensity,797.97998046875,prediction
2026-10-05 19:45:00,2026-10-06 15:45:00,India,Carbon intensity,790.52001953125,prediction
2026-10-05 19:45:00,2026-10-06 16:45:00,India,Carbon intensity,791.5900268554688,prediction
2026-10-05 19:45:00,2026-10-06 17:45:00,India,Carbon intensity,801.9500122070312,prediction
2026-10-05 19:45:00,2026-10-06 18:45:00,India,Carbon intensity,793.4299926757812,prediction
2026-10-05 19:45:00,2026-10-06 19:45:00,India,Carbon intensity,803.0599975585938,prediction
2026-10-05 19:45:00,2026-10-05 20:45:00,India,Carbon intensity,357.25,prediction
2026-10-05 19:45:00,2026-10-05 21:45:00,India,Carbon intensity,362.5,prediction
2026-10-05 19:45:00,2026-10-05 22:45:00,India,Carbon intensity,355.25,prediction
2026-10-05 19:45:00,2026-10-05 23:45:00,India,Carbon intensity,357.9200134277344,prediction
2026-10-05 19:45:00,2026-10-06 00:45:00,India,Carbon intensity,357.9700012207031,prediction
2026-10-05 19:45:00,2026-10-06 01:45:00,India,Carbon intensity,353.0299987792969,prediction
2026-10-05 19:45:00,2026-10-06 02:45:00,India,Carbon intensity,354.7200012207031,prediction
2026-10-05 19:45:00,2026-10-06 03:45:00,India,Carbon intensity,350.0,prediction
2026-10-05 19:45:00,2026-10-06 04:45:00,India,Carbon intensity,360.6600036621094,prediction
2026-10-05 19:45:00,2026-10-06 05:45:00,India,Carbon intensity,357.8399963378906,prediction
2026-10-05 19:45:00,2026-10-06 06:45:00,India,Carbon intensity,357.30999755859375,prediction
2026-10-05 19:45:00,2026-10-06 07:45:00,India,Carbon intensity,355.5199890136719,prediction
2026-10-05 19:45:00,2026-10-06 08:45:00,India,Carbon intensity,355.010009765625,prediction
2026-10-05 19:45:00,2026-10-06 09:45:00,India,Carbon intensity,361.04998779296875,prediction
2026-10-05 19:45:00,2026-10-06 10:45:00,India,Carbon intensity,353.6600036621094,prediction
2026-10-05 19:45:00,2026-10-06 11:45:00,India,Carbon intensity,356.2900085449219,prediction
2026-10-05 19:45:00,2026-10-06 12:45:00,India,Carbon intensity,353.55999755859375,prediction
2026-10-05 19:45:00,2026-10-06 13:45:00,India,Carbon intensity,367.79998779296875,prediction
2026-10-05 19:45:00,2026-10-06 14:45:00,India,Carbon intensity,352.20001220703125,prediction
2026-10-05 19:45:00,2026-10-06 15:45:00,India,Carbon intensity,352.05999755859375,prediction
2026-10-05 19:45:00,2026-10-06 16:45:00,India,Carbon intensity,353.489990234375,prediction
2026-10-05 19:45:00,2026-10-06 17:45:00,India,Carbon intensity,356.32000732421875,prediction
2026-10-05 19:45:00,2026-10-06 18:45:00,India,Carbon intensity,353.9200134277344,prediction
2026-10-05 19:45:00,2026-10-06 19:45:00,India,Carbon intensity,350.0,prediction
2026-10-05 19:45:00,2026-10-05 20:45:00,India,Carbon intensity,353.70001220703125,prediction
2026-10-05 19:45:00,2026-10-05 21:45:00,India,Carbon intensity,350.0,prediction
2026-10-05 19:45:00,2026-10-05 22:45:00,India,Carbon intensity,350.4800109863281,prediction
2026-10-05 19:45:00,2026-10-05 23:45:00,India,Carbon intensity,351.3900146484375,prediction
2026-10-05 19:45:00,2026-10-06 00:45:00,India,Carbon intensity,351.2300109863281,prediction
2026-10-05 19:45:00,2026-10-06 01:45:00,India,Carbon intensity,354.3999938964844,prediction
2026-10-05 19:45:00,2026-10-06 02:45:00,India,Carbon intensity,350.0,prediction
2026-10-05 19:45:00,2026-10-06 03:45:00,India,Carbon intensity,350.25,prediction
2026-10-05 19:45:00,2026-10-06 04:45:00,India,Carbon intensity,355.739990234375,prediction
2026-10-05 19:45:00,2026-10-06 05:45:00,India,Carbon intensity,356.67999267578125,prediction
2026-10-05 19:45:00,2026-10-06 06:45:00,India,Carbon intensity,350.44000244140625,prediction
2026-10-05 19:45:00,2026-10-06 07:45:00,India,Carbon intensity,350.0,prediction
2026-10-05 19:45:00,2026-10-06 08:45:00,India,Carbon intensity,364.0199890136719,prediction
2026-10-05 19:45:00,2026-10-06 09:45:00,India,Carbon intensity,351.1700134277344,prediction
2026-10-05 19:45:00,2026-10-06 10:45:00,India,Carbon intensity,351.55999755859375,prediction
2026-10-05 19:45:00,2026-10-06 11:45:00,India,Carbon intensity,352.0,prediction
2026-10-05 19:45:00,2026-10-06 12:45:00,India,Carbon intensity,350.0,prediction
2026-10-05 19:45:00,2026-10-06 13:45:00,India,Carbon intensity,350.0,prediction
2026-10-05 19:45:00,2026-10-06 14:45:00,India,Carbon intensity,351.75,prediction
2026-10-05 19:45:00,2026-10-06 15:45:00,India,Carbon intensity,352.760009765625,prediction
2026-10-05 19:45:00,2026-10-06 16:45:00,India,Carbon intensity,350.4800109863281,prediction
2026-10-05 19:45:00,2026-10-06 17:45:00,India,Carbon intensity,358.260009765625,prediction
2026-10-05 19:45:00,2026-10-06 18:45:00,India,Carbon intensity,350.0,prediction
2026-10-05 19:45:00,2026-10-06 19:45:00,India,Carbon intensity,353.6000061035156,prediction
2026-10-05 20:24:00,2026-10-05 21:24:00,India,Carbon intensity,357.25,prediction
2026-10-05 20:24:00,2026-10-05 22:24:00,India,Carbon intensity,362.5,prediction
2026-10-05 20:24:00,2026-10-05 23:24:00,India,Carbon intensity,355.25,prediction
2026-10-05 20:24:00,2026-10-06 00:24:00,India,Carbon intensity,357.9200134277344,prediction
2026-10-05 20:24:00,2026-10-06 01:24:00,India,Carbon intensity,357.9700012207031,prediction
2026-10-05 20:24:00,2026-10-06 02:24:00,India,Carbon intensity,353.0299987792969,prediction
2026-10-05 20:24:00,2026-10-06 03:24:00,India,Carbon intensity,354.7200012207031,prediction
2026-10-05 20:24:00,2026-10-06 04:24:00,India,Carbon intensity,350.0,prediction
2026-10-05 20:24:00,2026-10-06 05:24:00,India,Carbon intensity,360.6600036621094,prediction
2026-10-05 20:24:00,2026-10-06 06:24:00,India,Carbon intensity,357.8399963378906,prediction
2026-10-05 20:24:00,2026-10-06 07:24:00,India,Carbon intensity,357.30999755859375,prediction
2026-10-05 20:24:00,2026-10-06 08:24:00,India,Carbon intensity,355.5199890136719,prediction
2026-10-05 20:24:00,2026-10-06 09:24:00,India,Carbon intensity,355.010009765625,prediction
2026-10-05 20:24:00,2026-10-06 10:24:00,India,Carbon intensity,361.04998779296875,prediction
2026-10-05 20:24:00,2026-10-06 11:24:00,India,Carbon intensity,353.6600036621094,prediction
2026-10-05 20:24:00,2026-10-06 12:24:00,India,Carbon intensity,356.2900085449219,prediction
2026-10-05 20:24:00,2026-10-06 13:24:00,India,Carbon intensity,353.55999755859375,prediction
2026-10-05 20:24:00,2026-10-06 14:24:00,India,Carbon intensity,367.79998779296875,prediction
2026-10-05 20:24:00,2026-10-06 15:24:00,India,Carbon intensity,352.20001220703125,prediction
2026-10-05 20:24:00,2026-10-06 16:24:00,India,Carbon intensity,352.05999755859375,prediction
2026-10-05 20:24:00,2026-10-06 17:24:00,India,Carbon intensity,353.489990234375,prediction
2026-10-05 20:24:00,2026-10-06 18:24:00,India,Carbon intensity,356.32000732421875,prediction
2026-10-05 20:24:00,2026-10-06 19:24:00,India,Carbon intensity,353.9200134277344,prediction
2026-10-05 20:24:00,2026-10-06 20:24:00,India,Carbon intensity,350.0,prediction
2026-10-05 20:24:00,2026-10-05 21:24:00,India,Carbon intensity,353.70001220703125,prediction
2026-10-05 20:24:00,2026-10-05 22:24:00,India,Carbon intensity,350.0,prediction
2026-10-05 20:24:00,2026-10-05 23:24:00,India,Carbon intensity,350.4800109863281,prediction
2026-10-05 20:24:00,2026-10-06 00:24:00,India,Carbon intensity,351.3900146484375,prediction
2026-10-05 20:24:00,2026-10-06 01:24:00,India,Carbon intensity,351.2300109863281,prediction
2026-10-05 20:24:00,2026-10-06 02:24:00,India,Carbon intensity,354.3999938964844,prediction
2026-10-05 20:24:00,2026-10-06 03:24:00,India,Carbon intensity,350.0,prediction
2026-10-05 20:24:00,2026-10-06 04:24:00,India,Carbon intensity,350.25,prediction
2026-10-05 20:24:00,2026-10-06 05:24:00,India,Carbon intensity,355.739990234375,prediction
2026-10-05 20:24:00,2026-10-06 06:24:00,India,Carbon intensity,356.67999267578125,prediction
2026-10-05 20:24:00,2026-10-06 07:24:00,India,Carbon intensity,350.44000244140625,prediction
2026-10-05 20:24:00,2026-10-06 08:24:00,India,Carbon intensity,350.0,prediction
2026-10-05 20:24:00,2026-10-06 09:24:00,India,Carbon intensity,364.0199890136719,prediction
2026-10-05 20:24:00,2026-10-06 10:24:00,India,Carbon intensity,351.1700134277344,prediction
2026-10-05 20:24:00,2026-10-06 11:24:00,India,Carbon intensity,351.55999755859375,prediction
2026-10-05 20:24:00,2026-10-06 12:24:00,India,Carbon intensity,352.0,prediction
2026-10-05 20:24:00,2026-10-06 13:24:00,India,Carbon intensity,350.0,prediction
2026-10-05 20:24:00,2026-10-06 14:24:00,India,Carbon intensity,350.0,prediction
2026-10-05 20:24:00,2026-10-06 15:24:00,India,Carbon intensity,351.75,prediction
2026-10-05 20:24:00,2026-10-06 16:24:00,India,Carbon intensity,352.760009765625,prediction
2026-10-05 20:24:00,2026-10-06 17:24:00,India,Carbon intensity,350.4800109863281,prediction
2026-10-05 20:24:00,2026-10-06 18:24:00,India,Carbon intensity,358.260009765625,prediction
2026-10-05 20:24:00,2026-10-06 19:24:00,India,Carbon intensity,350.0,prediction
2026-10-05 20:24:00,2026-10-06 20:24:00,India,Carbon intensity,353.6000061035156,prediction
2026-10-05 20:24:00,2026-10-05 21:24:00,India,Carbon intensity,353.70001220703125,prediction
2026-10-05 20:24:00,2026-10-05 22:24:00,India,Carbon intensity,350.0,prediction
2026-10-05 20:24:00,2026-10-05 23:24:00,India,Carbon intensity,350.4800109863281,prediction
2026-10-05 20:24:00,2026-10-06 00:24:00,India,Carbon intensity,351.3900146484375,prediction
2026-10-05 20:24:00,2026-10-06 01:24:00,India,Carbon intensity,351.2300109863281,prediction
2026-10-05 20:24:00,2026-10-06 02:24:00,India,Carbon intensity,354.3999938964844,prediction
2026-10-05 20:24:00,2026-10-06 03:24:00,India,Carbon intensity,350.0,prediction
2026-10-05 20:24:00,2026-10-06 04:24:00,India,Carbon intensity,350.25,prediction
2026-10-05 20:24:00,2026-10-06 05:24:00,India,Carbon intensity,355.739990234375,prediction
2026-10-05 20:24:00,2026-10-06 06:24:00,India,Carbon intensity,356.67999267578125,prediction
2026-10-05 20:24:00,2026-10-06 07:24:00,India,Carbon intensity,350.45001220703125,prediction
2026-10-05 20:24:00,2026-10-06 08:24:00,India,Carbon intensity,350.0,prediction
2026-10-05 20:24:00,2026-10-06 09:24:00,India,Carbon intensity,364.0199890136719,prediction
2026-10-05 20:24:00,2026-10-06 10:24:00,India,Carbon intensity,351.1700134277344,prediction
2026-10-05 20:24:00,2026-10-06 11:24:00,India,Carbon intensity,351.55999755859375,prediction
2026-10-05 20:24:00,2026-10-06 12:24:00,India,Carbon intensity,351.989990234375,prediction
2026-10-05 20:24:00,2026-10-06 13:24:00,India,Carbon intensity,350.0,prediction
2026-10-05 20:24:00,2026-10-06 14:24:00,India,Carbon intensity,350.0,prediction
2026-10-05 20:24:00,2026-10-06 15:24:00,India,Carbon intensity,351.75,prediction
2026-10-05 20:24:00,2026-10-06 16:24:00,India,Carbon intensity,352.760009765625,prediction
2026-10-05 20:24:00,2026-10-06 17:24:00,India,Carbon intensity,350.4800109863281,prediction
2026-10-05 20:24:00,2026-10-06 18:24:00,India,Carbon intensity,358.260009765625,prediction
2026-10-05 20:24:00,2026-10-06 19:24:00,India,Carbon intensity,350.0,prediction
2026-10-05 20:24:00,2026-10-06 20:24:00,India,Carbon intensity,353.6000061035156,prediction
2026-10-05 20:24:00,2026-10-05 21:24:00,India,Carbon intensity,357.25,prediction
2026-10-05 20:24:00,2026-10-05 22:24:00,India,Carbon intensity,362.5,prediction
2026-10-05 20:24:00,2026-10-05 23:24:00,India,Carbon intensity,355.25,prediction
2026-10-05 20:24:00,2026-10-06 00:24:00,India,Carbon intensity,357.9200134277344,prediction
2026-10-05 20:24:00,2026-10-06 01:24:00,India,Carbon intensity,357.9599914550781,prediction
2026-10-05 20:24:00,2026-10-06 02:24:00,India,Carbon intensity,353.0299987792969,prediction
2026-10-05 20:24:00,2026-10-06 03:24:00,India,Carbon intensity,354.7200012207031,prediction
2026-10-05 20:24:00,2026-10-06 04:24:00,India,Carbon intensity,350.0,prediction
2026-10-05 20:24:00,2026-10-06 05:24:00,India,Carbon intensity,360.6600036621094,prediction
2026-10-05 20:24:00,2026-10-06 06:24:00,India,Carbon intensity,357.8399963378906,prediction
2026-10-05 20:24:00,2026-10-06 07:24:00,India,Carbon intensity,357.30999755859375,prediction
2026-10-05 20:24:00,2026-10-06 08:24:00,India,Carbon intensity,355.5199890136719,prediction
2026-10-05 20:24:00,2026-10-06 09:24:00,India,Carbon intensity,355.010009765625,prediction
2026-10-05 20:24:00,2026-10-06 10:24:00,India,Carbon intensity,361.04998779296875,prediction
2026-10-05 20:24:00,2026-10-06 11:24:00,India,Carbon intensity,353.6600036621094,prediction
2026-10-05 20:24:00,2026-10-06 12:24:00,India,Carbon intensity,356.2900085449219,prediction
2026-10-05 20:24:00,2026-10-06 13:24:00,India,Carbon intensity,353.55999755859375,prediction
2026-10-05 20:24:00,2026-10-06 14:24:00,India,Carbon intensity,367.79998779296875,prediction
2026-10-05 20:24:00,2026-10-06 15:24:00,India,Carbon intensity,352.20001220703125,prediction
2026-10-05 20:24:00,2026-10-06 16:24:00,India,Carbon intensity,352.04998779296875,prediction
2026-10-05 20:24:00,2026-10-06 17:24:00,India,Carbon intensity,353.489990234375,prediction
2026-10-05 20:24:00,2026-10-06 18:24:00,India,Carbon intensity,356.32000732421875,prediction
2026-10-05 20:24:00,2026-10-06 19:24:00,India,Carbon intensity,353.9200134277344,prediction
2026-10-05 20:24:00,2026-10-06 20:24:00,India,Carbon intensity,350.0,prediction
2026-10-05 21:55:00,2026-10-05 22:55:00,India,Carbon intensity,481.55999755859375,prediction
2026-10-05 21:55:00,2026-10-05 23:55:00,India,Carbon intensity,505.489990234375,prediction
2026-10-05 21:55:00,2026-10-06 00:55:00,India,Carbon intensity,483.79998779296875,prediction
2026-10-05 21:55:00,2026-10-06 01:55:00,India,Carbon intensity,518.52001953125,prediction
2026-10-05 21:55:00,2026-10-06 02:55:00,India,Carbon intensity,467.9700012207031,prediction
2026-10-05 21:55:00,2026-10-06 03:55:00,India,Carbon intensity,500.2799987792969,prediction
2026-10-05 21:55:00,2026-10-06 04:55:00,India,Carbon intensity,490.20001220703125,prediction
2026-10-05 21:55:00,2026-10-06 05:55:00,India,Carbon intensity,509.9599914550781,prediction
2026-10-05 21:55:00,2026-10-06 06:55:00,India,Carbon intensity,503.19000244140625,prediction
2026-10-05 21:55:00,2026-10-06 07:55:00,India,Carbon intensity,497.3399963378906,prediction
2026-10-05 21:55:00,2026-10-06 08:55:00,India,Carbon intensity,469.1300048828125,prediction
2026-10-05 21:55:00,2026-10-06 09:55:00,India,Carbon intensity,479.54998779296875,prediction
2026-10-05 21:55:00,2026-10-06 10:55:00,India,Carbon intensity,515.0499877929688,prediction
2026-10-05 21:55:00,2026-10-06 11:55:00,India,Carbon intensity,488.44000244140625,prediction
2026-10-05 21:55:00,2026-10-06 12:55:00,India,Carbon intensity,495.0400085449219,prediction
2026-10-05 21:55:00,2026-10-06 13:55:00,India,Carbon intensity,471.9200134277344,prediction
2026-10-05 21:55:00,2026-10-06 14:55:00,India,Carbon intensity,496.4100036621094,prediction
2026-10-05 21:55:00,2026-10-06 15:55:00,India,Carbon intensity,496.67999267578125,prediction
2026-10-05 21:55:00,2026-10-06 16:55:00,India,Carbon intensity,484.5899963378906,prediction
2026-10-05 21:55:00,2026-10-06 17:55:00,India,Carbon intensity,500.4700012207031,prediction
2026-10-05 21:55:00,2026-10-06 18:55:00,India,Carbon intensity,509.3299865722656,prediction
2026-10-05 21:55:00,2026-10-06 19:55:00,India,Carbon intensity,470.4800109863281,prediction
2026-10-05 21:55:00,2026-10-06 20:55:00,India,Carbon intensity,477.1700134277344,prediction
2026-10-05 21:55:00,2026-10-06 21:55:00,India,Carbon intensity,504.4700012207031,prediction
2026-10-05 21:55:00,2026-10-05 22:55:00,India,Carbon intensity,357.25,prediction
2026-10-05 21:55:00,2026-10-05 23:55:00,India,Carbon intensity,362.5,prediction
2026-10-05 21:55:00,2026-10-06 00:55:00,India,Carbon intensity,355.25,prediction
2026-10-05 21:55:00,2026-10-06 01:55:00,India,Carbon intensity,357.9200134277344,prediction
2026-10-05 21:55:00,2026-10-06 02:55:00,India,Carbon intensity,357.9599914550781,prediction
2026-10-05 21:55:00,2026-10-06 03:55:00,India,Carbon intensity,353.0299987792969,prediction
2026-10-05 21:55:00,2026-10-06 04:55:00,India,Carbon intensity,354.7200012207031,prediction
2026-10-05 21:55:00,2026-10-06 05:55:00,India,Carbon intensity,350.0,prediction
2026-10-05 21:55:00,2026-10-06 06:55:00,India,Carbon intensity,360.6600036621094,prediction
2026-10-05 21:55:00,2026-10-06 07:55:00,India,Carbon intensity,357.8399963378906,prediction
2026-10-05 21:55:00,2026-10-06 08:55:00,India,Carbon intensity,357.30999755859375,prediction
2026-10-05 21:55:00,2026-10-06 09:55:00,India,Carbon intensity,355.5199890136719,prediction
2026-10-05 21:55:00,2026-10-06 10:55:00,India,Carbon intensity,355.010009765625,prediction
2026-10-05 21:55:00,2026-10-06 11:55:00,India,Carbon intensity,361.04998779296875,prediction
2026-10-05 21:55:00,2026-10-06 12:55:00,India,Carbon intensity,353.6600036621094,prediction
2026-10-05 21:55:00,2026-10-06 13:55:00,India,Carbon intensity,356.2900085449219,prediction
2026-10-05 21:55:00,2026-10-06 14:55:00,India,Carbon intensity,353.55999755859375,prediction
2026-10-05 21:55:00,2026-10-06 15:55:00,India,Carbon intensity,367.79998779296875,prediction
2026-10-05 21:55:00,2026-10-06 16:55:00,India,Carbon intensity,352.20001220703125,prediction
2026-10-05 21:55:00,2026-10-06 17:55:00,India,Carbon intensity,352.04998779296875,prediction
2026-10-05 21:55:00,2026-10-06 18:55:00,India,Carbon intensity,353.489990234375,prediction
2026-10-05 21:55:00,2026-10-06 19:55:00,India,Carbon intensity,356.32000732421875,prediction
2026-10-05 21:55:00,2026-10-06 20:55:00,India,Carbon intensity,353.9200134277344,prediction
2026-10-05 21:55:00,2026-10-06 21:55:00,India,Carbon intensity,350.0,prediction
2026-10-05 21:55:00,2026-10-05 22:55:00,India,Carbon intensity,440.510009765625,prediction
2026-10-05 21:55:00,2026-10-05 23:55:00,India,Carbon intensity,399.8699951171875,prediction
2026-10-05 21:55:00,2026-10-06 00:55:00,India,Carbon intensity,460.92999267578125,prediction
2026-10-05 21:55:00,2026-10-06 01:55:00,India,Carbon intensity,410.45001220703125,prediction
2026-10-05 21:55:00,2026-10-06 02:55:00,India,Carbon intensity,374.0400085449219,prediction
2026-10-05 21:55:00,2026-10-06 03:55:00,India,Carbon intensity,402.1300048828125,prediction
2026-10-05 21:55:00,2026-10-06 04:55:00,India,Carbon intensity,362.70001220703125,prediction
2026-10-05 21:55:00,2026-10-06 05:55:00,India,Carbon intensity,430.6400146484375,prediction
2026-10-05 21:55:00,2026-10-06 06:55:00,India,Carbon intensity,458.0199890136719,prediction
2026-10-05 21:55:00,2026-10-06 07:55:00,India,Carbon intensity,440.3299865722656,prediction
2026-10-05 21:55:00,2026-10-06 08:55:00,India,Carbon intensity,416.1700134277344,prediction
2026-10-05 21:55:00,2026-10-06 09:55:00,India,Carbon intensity,350.0,prediction
2026-10-05 21:55:00,2026-10-06 10:55:00,India,Carbon intensity,521.469970703125,prediction
2026-10-05 21:55:00,2026-10-06 11:55:00,India,Carbon intensity,419.2799987792969,prediction
2026-10-05 21:55:00,2026-10-06 12:55:00,India,Carbon intensity,427.07000732421875,prediction
2026-10-05 21:55:00,2026-10-06 13:55:00,India,Carbon intensity,400.70001220703125,prediction
2026-10-05 21:55:00,2026-10-06 14:55:00,India,Carbon intensity,413.7200012207031,prediction
2026-10-05 21:55:00,2026-10-06 15:55:00,India,Carbon intensity,452.7699890136719,prediction
2026-10-05 21:55:00,2026-10-06 16:55:00,India,Carbon intensity,477.0400085449219,prediction
2026-10-05 21:55:00,2026-10-06 17:55:00,India,Carbon intensity,431.0400085449219,prediction
2026-10-05 21:55:00,2026-10-06 18:55:00,India,Carbon intensity,417.989990234375,prediction
2026-10-05 21:55:00,2026-10-06 19:55:00,India,Carbon intensity,462.5400085449219,prediction
2026-10-05 21:55:00,2026-10-06 20:55:00,India,Carbon intensity,439.5299987792969,prediction
2026-10-05 21:55:00,2026-10-06 21:55:00,India,Carbon intensity,434.5199890136719,prediction
2026-10-05 21:55:00,2026-10-05 22:55:00,India,Carbon intensity,614.219970703125,prediction
2026-10-05 21:55:00,2026-10-05 23:55:00,India,Carbon intensity,644.8499755859375,prediction
2026-10-05 21:55:00,2026-10-06 00:55:00,India,Carbon intensity,612.9199829101562,prediction
2026-10-05 21:55:00,2026-10-06 01:55:00,India,Carbon intensity,668.989990234375,prediction
2026-10-05 21:55:00,2026-10-06 02:55:00,India,Carbon intensity,589.72998046875,prediction
2026-10-05 21:55:00,2026-10-06 03:55:00,India,Carbon intensity,638.7899780273438,prediction
2026-10-05 21:55:00,2026-10-06 04:55:00,India,Carbon intensity,617.239990234375,prediction
2026-10-05 21:55:00,2026-10-06 05:55:00,India,Carbon intensity,656.3499755859375,prediction
2026-10-05 21:55:00,2026-10-06 06:55:00,India,Carbon intensity,641.030029296875,prediction
2026-10-05 21:55:00,2026-10-06 07:55:00,India,Carbon intensity,637.1699829101562,prediction
2026-10-05 21:55:00,2026-10-06 08:55:00,India,Carbon intensity,587.1599731445312,prediction
2026-10-05 21:55:00,2026-10-06 09:55:00,India,Carbon intensity,606.1599731445312,prediction
2026-10-05 21:55:00,2026-10-06 10:55:00,India,Carbon intensity,659.1400146484375,prediction
2026-10-05 21:55:00,2026-10-06 11:55:00,India,Carbon intensity,616.969970703125,prediction
2026-10-05 21:55:00,2026-10-06 12:55:00,India,Carbon intensity,638.3499755859375,prediction
2026-10-05 21:55:00,2026-10-06 13:55:00,India,Carbon intensity,594.0700073242188,prediction
2026-10-05 21:55:00,2026-10-06 14:55:00,India,Carbon intensity,641.6300048828125,prediction
2026-10-05 21:55:00,2026-10-06 15:55:00,India,Carbon intensity,624.0999755859375,prediction
2026-10-05 21:55:00,2026-10-06 16:55:00,India,Carbon intensity,617.0399780273438,prediction
2026-10-05 21:55:00,2026-10-06 17:55:00,India,Carbon intensity,644.1300048828125,prediction
2026-10-05 21:55:00,2026-10-06 18:55:00,India,Carbon intensity,655.760009765625,prediction
2026-10-05 21:55:00,2026-10-06 19:55:00,India,Carbon intensity,591.9400024414062,prediction
2026-10-05 21:55:00,2026-10-06 20:55:00,India,Carbon intensity,607.0900268554688,prediction
2026-10-05 21:55:00,2026-10-06 21:55:00,India,Carbon intensity,646.77001953125,prediction
2026-10-05 21:55:00,2026-10-05 22:55:00,India,Carbon intensity,357.25,prediction
2026-10-05 21:55:00,2026-10-05 23:55:00,India,Carbon intensity,362.5,prediction
2026-10-05 21:55:00,2026-10-06 00:55:00,India,Carbon intensity,355.25,prediction
2026-10-05 21:55:00,2026-10-06 01:55:00,India,Carbon intensity,357.9200134277344,prediction
2026-10-05 21:55:00,2026-10-06 02:55:00,India,Carbon intensity,357.9599914550781,prediction
2026-10-05 21:55:00,2026-10-06 03:55:00,India,Carbon intensity,353.0299987792969,prediction
2026-10-05 21:55:00,2026-10-06 04:55:00,India,Carbon intensity,354.7200012207031,prediction
2026-10-05 21:55:00,2026-10-06 05:55:00,India,Carbon intensity,350.0,prediction
2026-10-05 21:55:00,2026-10-06 06:55:00,India,Carbon intensity,360.6600036621094,prediction
2026-10-05 21:55:00,2026-10-06 07:55:00,India,Carbon intensity,357.8399963378906,prediction
2026-10-05 21:55:00,2026-10-06 08:55:00,India,Carbon intensity,357.30999755859375,prediction
2026-10-05 21:55:00,2026-10-06 09:55:00,India,Carbon intensity,355.5199890136719,prediction
2026-10-05 21:55:00,2026-10-06 10:55:00,India,Carbon intensity,355.010009765625,prediction
2026-10-05 21:55:00,2026-10-06 11:55:00,India,Carbon intensity,361.04998779296875,prediction
2026-10-05 21:55:00,2026-10-06 12:55:00,India,Carbon intensity,353.6600036621094,prediction
2026-10-05 21:55:00,2026-10-06 13:55:00,India,Carbon intensity,356.2900085449219,prediction
2026-10-05 21:55:00,2026-10-06 14:55:00,India,Carbon intensity,353.55999755859375,prediction
2026-10-05 21:55:00,2026-10-06 15:55:00,India,Carbon intensity,367.79998779296875,prediction
2026-10-05 21:55:00,2026-10-06 16:55:00,India,Carbon intensity,352.20001220703125,prediction
2026-10-05 21:55:00,2026-10-06 17:55:00,India,Carbon intensity,352.04998779296875,prediction
2026-10-05 21:55:00,2026-10-06 18:55:00,India,Carbon intensity,353.489990234375,prediction
2026-10-05 21:55:00,2026-10-06 19:55:00,India,Carbon intensity,356.32000732421875,prediction
2026-10-05 21:55:00,2026-10-06 20:55:00,India,Carbon intensity,353.9200134277344,prediction
2026-10-05 21:55:00,2026-10-06 21:55:00,India,Carbon intensity,350.0,prediction
2026-10-05 21:55:00,2026-10-05 22:55:00,India,Carbon intensity,353.70001220703125,prediction
2026-10-05 21:55:00,2026-10-05 23:55:00,India,Carbon intensity,350.0,prediction
2026-10-05 21:55:00,2026-10-06 00:55:00,India,Carbon intensity,350.4800109863281,prediction
2026-10-05 21:55:00,2026-10-06 01:55:00,India,Carbon intensity,351.3900146484375,prediction
2026-10-05 21:55:00,2026-10-06 02:55:00,India,Carbon intensity,351.2300109863281,prediction
2026-10-05 21:55:00,2026-10-06 03:55:00,India,Carbon intensity,354.3999938964844,prediction
2026-10-05 21:55:00,2026-10-06 04:55:00,India,Carbon intensity,350.0,prediction
2026-10-05 21:55:00,2026-10-06 05:55:00,India,Carbon intensity,350.25,prediction
2026-10-05 21:55:00,2026-10-06 06:55:00,India,Carbon intensity,355.739990234375,prediction
2026-10-05 21:55:00,2026-10-06 07:55:00,India,Carbon intensity,356.67999267578125,prediction
2026-10-05 21:55:00,2026-10-06 08:55:00,India,Carbon intensity,350.45001220703125,prediction
2026-10-05 21:55:00,2026-10-06 09:55:00,India,Carbon intensity,350.0,prediction
2026-10-05 21:55:00,2026-10-06 10:55:00,India,Carbon intensity,364.0199890136719,prediction
2026-10-05 21:55:00,2026-10-06 11:55:00,India,Carbon intensity,351.1700134277344,prediction
2026-10-05 21:55:00,2026-10-06 12:55:00,India,Carbon intensity,351.55999755859375,prediction
2026-10-05 21:55:00,2026-10-06 13:55:00,India,Carbon intensity,351.989990234375,prediction
2026-10-05 21:55:00,2026-10-06 14:55:00,India,Carbon intensity,350.0,prediction
2026-10-05 21:55:00,2026-10-06 15:55:00,India,Carbon intensity,350.0,prediction
2026-10-05 21:55:00,2026-10-06 16:55:00,India,Carbon intensity,351.75,prediction
2026-10-05 21:55:00,2026-10-06 17:55:00,India,Carbon intensity,352.760009765625,prediction
2026-10-05 21:55:00,2026-10-06 18:55:00,India,Carbon intensity,350.4800109863281,prediction
2026-10-05 21:55:00,2026-10-06 19:55:00,India,Carbon intensity,358.260009765625,prediction
2026-10-05 21:55:00,2026-10-06 20:55:00,India,Carbon intensity,350.0,prediction
2026-10-05 21:55:00,2026-10-06 21:55:00,India,Carbon intensity,353.6000061035156,prediction
2026-10-05 22:00:00,2026-10-05 23:00:00,India,Carbon intensity,357.239990234375,prediction
2026-10-05 22:00:00,2026-10-06 00:00:00,India,Carbon intensity,362.5,prediction
2026-10-05 22:00:00,2026-10-06 01:00:00,India,Carbon intensity,355.25,prediction
2026-10-05 22:00:00,2026-10-06 02:00:00,India,Carbon intensity,357.9100036621094,prediction
2026-10-05 22:00:00,2026-10-06 03:00:00,India,Carbon intensity,357.9599914550781,prediction
2026-10-05 22:00:00,2026-10-06 04:00:00,India,Carbon intensity,353.0299987792969,prediction
2026-10-05 22:00:00,2026-10-06 05:00:00,India,Carbon intensity,354.7200012207031,prediction
2026-10-05 22:00:00,2026-10-06 06:00:00,India,Carbon intensity,350.0,prediction
2026-10-05 22:00:00,2026-10-06 07:00:00,India,Carbon intensity,360.6600036621094,prediction
2026-10-05 22:00:00,2026-10-06 08:00:00,India,Carbon intensity,357.8399963378906,prediction
2026-10-05 22:00:00,2026-10-06 09:00:00,India,Carbon intensity,357.30999755859375,prediction
2026-10-05 22:00:00,2026-10-06 10:00:00,India,Carbon intensity,355.5199890136719,prediction
2026-10-05 22:00:00,2026-10-06 11:00:00,India,Carbon intensity,355.010009765625,prediction
2026-10-05 22:00:00,2026-10-06 12:00:00,India,Carbon intensity,361.04998779296875,prediction
2026-10-05 22:00:00,2026-10-06 13:00:00,India,Carbon intensity,353.6600036621094,prediction
2026-10-05 22:00:00,2026-10-06 14:00:00,India,Carbon intensity,356.2900085449219,prediction
2026-10-05 22:00:00,2026-10-06 15:00:00,India,Carbon intensity,353.55999755859375,prediction
2026-10-05 22:00:00,2026-10-06 16:00:00,India,Carbon intensity,367.7900085449219,prediction
2026-10-05 22:00:00,2026-10-06 17:00:00,India,Carbon intensity,352.20001220703125,prediction
2026-10-05 22:00:00,2026-10-06 18:00:00,India,Carbon intensity,352.04998779296875,prediction
2026-10-05 22:00:00,2026-10-06 19:00:00,India,Carbon intensity,353.489990234375,prediction
2026-10-05 22:00:00,2026-10-06 20:00:00,India,Carbon intensity,356.32000732421875,prediction
2026-10-05 22:00:00,2026-10-06 21:00:00,India,Carbon intensity,353.9200134277344,prediction
2026-10-05 22:00:00,2026-10-06 22:00:00,India,Carbon intensity,350.0,prediction
2026-10-05 22:00:00,2026-10-05 23:00:00,India,Carbon intensity,353.70001220703125,prediction
2026-10-05 22:00:00,2026-10-06 00:00:00,India,Carbon intensity,350.0,prediction
2026-10-05 22:00:00,2026-10-06 01:00:00,India,Carbon intensity,350.4800109863281,prediction
2026-10-05 22:00:00,2026-10-06 02:00:00,India,Carbon intensity,351.3900146484375,prediction
2026-10-05 22:00:00,2026-10-06 03:00:00,India,Carbon intensity,351.2300109863281,prediction
2026-10-05 22:00:00,2026-10-06 04:00:00,India,Carbon intensity,354.3999938964844,prediction
2026-10-05 22:00:00,2026-10-06 05:00:00,India,Carbon intensity,350.0,prediction
2026-10-05 22:00:00,2026-10-06 06:00:00,India,Carbon intensity,350.25,prediction
2026-10-05 22:00:00,2026-10-06 07:00:00,India,Carbon intensity,355.739990234375,prediction
2026-10-05 22:00:00,2026-10-06 08:00:00,India,Carbon intensity,356.67999267578125,prediction
2026-10-05 22:00:00,2026-10-06 09:00:00,India,Carbon intensity,350.45001220703125,prediction
2026-10-05 22:00:00,2026-10-06 10:00:00,India,Carbon intensity,350.0,prediction
2026-10-05 22:00:00,2026-10-06 11:00:00,India,Carbon intensity,364.0199890136719,prediction
2026-10-05 22:00:00,2026-10-06 12:00:00,India,Carbon intensity,351.1700134277344,prediction
2026-10-05 22:00:00,2026-10-06 13:00:00,India,Carbon intensity,351.55999755859375,prediction
2026-10-05 22:00:00,2026-10-06 14:00:00,India,Carbon intensity,351.989990234375,prediction
2026-10-05 22:00:00,2026-10-06 15:00:00,India,Carbon intensity,350.0,prediction
2026-10-05 22:00:00,2026-10-06 16:00:00,India,Carbon intensity,350.0,prediction
2026-10-05 22:00:00,2026-10-06 17:00:00,India,Carbon intensity,351.75,prediction
2026-10-05 22:00:00,2026-10-06 18:00:00,India,Carbon intensity,352.760009765625,prediction
2026-10-05 22:00:00,2026-10-06 19:00:00,India,Carbon intensity,350.4800109863281,prediction
2026-10-05 22:00:00,2026-10-06 20:00:00,India,Carbon intensity,358.260009765625,prediction
2026-10-05 22:00:00,2026-10-06 21:00:00,India,Carbon intensity,350.0,prediction
2026-10-05 22:00:00,2026-10-06 22:00:00,India,Carbon intensity,353.6000061035156,prediction
2026-10-05 22:03:00,2026-10-05 23:03:00,India,Carbon intensity,353.70001220703125,prediction
2026-10-05 22:03:00,2026-10-06 00:03:00,India,Carbon intensity,350.0,prediction
2026-10-05 22:03:00,2026-10-06 01:03:00,India,Carbon intensity,350.4800109863281,prediction
2026-10-05 22:03:00,2026-10-06 02:03:00,India,Carbon intensity,351.3900146484375,prediction
2026-10-05 22:03:00,2026-10-06 03:03:00,India,Carbon intensity,351.2300109863281,prediction
2026-10-05 22:03:00,2026-10-06 04:03:00,India,Carbon intensity,354.3999938964844,prediction
2026-10-05 22:03:00,2026-10-06 05:03:00,India,Carbon intensity,350.0,prediction
2026-10-05 22:03:00,2026-10-06 06:03:00,India,Carbon intensity,350.25,prediction
2026-10-05 22:03:00,2026-10-06 07:03:00,India,Carbon intensity,355.739990234375,prediction
2026-10-05 22:03:00,2026-10-06 08:03:00,India,Carbon intensity,356.67999267578125,prediction
2026-10-05 22:03:00,2026-10-06 09:03:00,India,Carbon intensity,350.45001220703125,prediction
2026-10-05 22:03:00,2026-10-06 10:03:00,India,Carbon intensity,350.0,prediction
2026-10-05 22:03:00,2026-10-06 11:03:00,India,Carbon intensity,364.0199890136719,prediction
2026-10-05 22:03:00,2026-10-06 12:03:00,India,Carbon intensity,351.1700134277344,prediction
2026-10-05 22:03:00,2026-10-06 13:03:00,India,Carbon intensity,351.55999755859375,prediction
2026-10-05 22:03:00,2026-10-06 14:03:00,India,Carbon intensity,351.989990234375,prediction
2026-10-05 22:03:00,2026-10-06 15:03:00,India,Carbon intensity,350.0,prediction
2026-10-05 22:03:00,2026-10-06 16:03:00,India,Carbon intensity,350.0,prediction
2026-10-05 22:03:00,2026-10-06 17:03:00,India,Carbon intensity,351.75,prediction
2026-10-05 22:03:00,2026-10-06 18:03:00,India,Carbon intensity,352.760009765625,prediction
2026-10-05 22:03:00,2026-10-06 19:03:00,India,Carbon intensity,350.4800109863281,prediction
2026-10-05 22:03:00,2026-10-06 20:03:00,India,Carbon intensity,358.260009765625,prediction
2026-10-05 22:03:00,2026-10-06 21:03:00,India,Carbon intensity,350.0,prediction
2026-10-05 22:03:00,2026-10-06 22:03:00,India,Carbon intensity,353.6000061035156,prediction
2026-10-05 22:03:00,2026-10-05 23:03:00,India,Carbon intensity,357.239990234375,prediction
2026-10-05 22:03:00,2026-10-06 00:03:00,India,Carbon intensity,362.5,prediction
2026-10-05 22:03:00,2026-10-06 01:03:00,India,Carbon intensity,355.25,prediction
2026-10-05 22:03:00,2026-10-06 02:03:00,India,Carbon intensity,357.9100036621094,prediction
2026-10-05 22:03:00,2026-10-06 03:03:00,India,Carbon intensity,357.9599914550781,prediction
2026-10-05 22:03:00,2026-10-06 04:03:00,India,Carbon intensity,353.0299987792969,prediction
2026-10-05 22:03:00,2026-10-06 05:03:00,India,Carbon intensity,354.7200012207031,prediction
2026-10-05 22:03:00,2026-10-06 06:03:00,India,Carbon intensity,350.0,prediction
2026-10-05 22:03:00,2026-10-06 07:03:00,India,Carbon intensity,360.6600036621094,prediction
2026-10-05 22:03:00,2026-10-06 08:03:00,India,Carbon intensity,357.8399963378906,prediction
2026-10-05 22:03:00,2026-10-06 09:03:00,India,Carbon intensity,357.30999755859375,prediction
2026-10-05 22:03:00,2026-10-06 10:03:00,India,Carbon intensity,355.5199890136719,prediction
2026-10-05 22:03:00,2026-10-06 11:03:00,India,Carbon intensity,355.010009765625,prediction
2026-10-05 22:03:00,2026-10-06 12:03:00,India,Carbon intensity,361.04998779296875,prediction
2026-10-05 22:03:00,2026-10-06 13:03:00,India,Carbon intensity,353.6600036621094,prediction
2026-10-05 22:03:00,2026-10-06 14:03:00,India,Carbon intensity,356.2900085449219,prediction
2026-10-05 22:03:00,2026-10-06 15:03:00,India,Carbon intensity,353.55999755859375,prediction
2026-10-05 22:03:00,2026-10-06 16:03:00,India,Carbon intensity,367.7900085449219,prediction
2026-10-05 22:03:00,2026-10-06 17:03:00,India,Carbon intensity,352.20001220703125,prediction
2026-10-05 22:03:00,2026-10-06 18:03:00,India,Carbon intensity,352.04998779296875,prediction
2026-10-05 22:03:00,2026-10-06 19:03:00,India,Carbon intensity,353.489990234375,prediction
2026-10-05 22:03:00,2026-10-06 20:03:00,India,Carbon intensity,356.32000732421875,prediction
2026-10-05 22:03:00,2026-10-06 21:03:00,India,Carbon intensity,353.9200134277344,prediction
2026-10-05 22:03:00,2026-10-06 22:03:00,India,Carbon intensity,350.0,prediction
2026-10-05 22:03:00,2026-10-05 23:03:00,India,Carbon intensity,353.260009765625,prediction
2026-10-05 22:03:00,2026-10-06 00:03:00,India,Carbon intensity,354.0299987792969,prediction
2026-10-05 22:03:00,2026-10-06 01:03:00,India,Carbon intensity,350.0,prediction
2026-10-05 22:03:00,2026-10-06 02:03:00,India,Carbon intensity,350.0,prediction
2026-10-05 22:03:00,2026-10-06 03:03:00,India,Carbon intensity,350.0,prediction
2026-10-05 22:03:00,2026-10-06 04:03:00,India,Carbon intensity,351.9100036621094,prediction
2026-10-05 22:03:00,2026-10-06 05:03:00,India,Carbon intensity,350.0,prediction
2026-10-05 22:03:00,2026-10-06 06:03:00,India,Carbon intensity,352.010009765625,prediction
2026-10-05 22:03:00,2026-10-06 07:03:00,India,Carbon intensity,350.1300048828125,prediction
2026-10-05 22:03:00,2026-10-06 08:03:00,India,Carbon intensity,350.0,prediction
2026-10-05 22:03:00,2026-10-06 09:03:00,India,Carbon intensity,350.0,prediction
2026-10-05 22:03:00,2026-10-06 10:03:00,India,Carbon intensity,353.1499938964844,prediction
2026-10-05 22:03:00,2026-10-06 11:03:00,India,Carbon intensity,350.0,prediction
2026-10-05 22:03:00,2026-10-06 12:03:00,India,Carbon intensity,350.0,prediction
2026-10-05 22:03:00,2026-10-06 13:03:00,India,Carbon intensity,350.0,prediction
2026-10-05 22:03:00,2026-10-06 14:03:00,India,Carbon intensity,351.989990234375,prediction
2026-10-05 22:03:00,2026-10-06 15:03:00,India,Carbon intensity,351.4800109863281,prediction
2026-10-05 22:03:00,2026-10-06 16:03:00,India,Carbon intensity,350.0,prediction
2026-10-05 22:03:00,2026-10-06 17:03:00,India,Carbon intensity,350.0,prediction
2026-10-05 22:03:00,2026-10-06 18:03:00,India,Carbon intensity,350.0,prediction
2026-10-05 22:03:00,2026-10-06 19:03:00,India,Carbon intensity,350.0,prediction
2026-10-05 22:03:00,2026-10-06 20:03:00,India,Carbon intensity,350.0,prediction
2026-10-05 22:03:00,2026-10-06 21:03:00,India,Carbon intensity,352.0400085449219,prediction
2026-10-05 22:03:00,2026-10-06 22:03:00,India,Carbon intensity,350.0,prediction
2026-10-05 22:03:00,2026-10-05 23:03:00,India,Carbon intensity,350.0,prediction
2026-10-05 22:03:00,2026-10-06 00:03:00,India,Carbon intensity,350.0,prediction
2026-10-05 22:03:00,2026-10-06 01:03:00,India,Carbon intensity,353.7900085449219,prediction
2026-10-05 22:03:00,2026-10-06 02:03:00,India,Carbon intensity,350.0,prediction
2026-10-05 22:03:00,2026-10-06 03:03:00,India,Carbon intensity,350.0,prediction
2026-10-05 22:03:00,2026-10-06 04:03:00,India,Carbon intensity,352.6600036621094,prediction
2026-10-05 22:03:00,2026-10-06 05:03:00,India,Carbon intensity,350.0,prediction
2026-10-05 22:03:00,2026-10-06 06:03:00,India,Carbon intensity,350.0,prediction
2026-10-05 22:03:00,2026-10-06 07:03:00,India,Carbon intensity,356.75,prediction
2026-10-05 22:03:00,2026-10-06 08:03:00,India,Carbon intensity,351.3299865722656,prediction
2026-10-05 22:03:00,2026-10-06 09:03:00,India,Carbon intensity,350.0,prediction
2026-10-05 22:03:00,2026-10-06 10:03:00,India,Carbon intensity,350.0,prediction
2026-10-05 22:03:00,2026-10-06 11:03:00,India,Carbon intensity,350.0,prediction
2026-10-05 22:03:00,2026-10-06 12:03:00,India,Carbon intensity,350.0,prediction
2026-10-05 22:03:00,2026-10-06 13:03:00,India,Carbon intensity,351.4599914550781,prediction
2026-10-05 22:03:00,2026-10-06 14:03:00,India,Carbon intensity,355.0199890136719,prediction
2026-10-05 22:03:00,2026-10-06 15:03:00,India,Carbon intensity,358.2300109863281,prediction
2026-10-05 22:03:00,2026-10-06 16:03:00,India,Carbon intensity,350.0,prediction
2026-10-05 22:03:00,2026-10-06 17:03:00,India,Carbon intensity,350.8500061035156,prediction
2026-10-05 22:03:00,2026-10-06 18:03:00,India,Carbon intensity,350.0,prediction
2026-10-05 22:03:00,2026-10-06 19:03:00,India,Carbon intensity,350.0,prediction
2026-10-05 22:03:00,2026-10-06 20:03:00,India,Carbon intensity,351.5899963378906,prediction
2026-10-05 22:03:00,2026-10-06 21:03:00,India,Carbon intensity,350.0,prediction
2026-10-05 22:03:00,2026-10-06 22:03:00,India,Carbon intensity,350.0,prediction
2026-10-05 22:05:00,2026-10-05 23:05:00,India,Carbon intensity,357.239990234375,prediction
2026-10-05 22:05:00,2026-10-06 00:05:00,India,Carbon intensity,362.5,prediction
2026-10-05 22:05:00,2026-10-06 01:05:00,India,Carbon intensity,355.25,prediction
2026-10-05 22:05:00,2026-10-06 02:05:00,India,Carbon intensity,357.9100036621094,prediction
2026-10-05 22:05:00,2026-10-06 03:05:00,India,Carbon intensity,357.9599914550781,prediction
2026-10-05 22:05:00,2026-10-06 04:05:00,India,Carbon intensity,353.0299987792969,prediction
2026-10-05 22:05:00,2026-10-06 05:05:00,India,Carbon intensity,354.7200012207031,prediction
2026-10-05 22:05:00,2026-10-06 06:05:00,India,Carbon intensity,350.0,prediction
2026-10-05 22:05:00,2026-10-06 07:05:00,India,Carbon intensity,360.6600036621094,prediction
2026-10-05 22:05:00,2026-10-06 08:05:00,India,Carbon intensity,357.8399963378906,prediction
2026-10-05 22:05:00,2026-10-06 09:05:00,India,Carbon intensity,357.30999755859375,prediction
2026-10-05 22:05:00,2026-10-06 10:05:00,India,Carbon intensity,355.5199890136719,prediction
2026-10-05 22:05:00,2026-10-06 11:05:00,India,Carbon intensity,355.010009765625,prediction
2026-10-05 22:05:00,2026-10-06 12:05:00,India,Carbon intensity,361.04998779296875,prediction
2026-10-05 22:05:00,2026-10-06 13:05:00,India,Carbon intensity,353.6600036621094,prediction
2026-10-05 22:05:00,2026-10-06 14:05:00,India,Carbon intensity,356.2900085449219,prediction
2026-10-05 22:05:00,2026-10-06 15:05:00,India,Carbon intensity,353.55999755859375,prediction
2026-10-05 22:05:00,2026-10-06 16:05:00,India,Carbon intensity,367.7900085449219,prediction
2026-10-05 22:05:00,2026-10-06 17:05:00,India,Carbon intensity,352.20001220703125,prediction
2026-10-05 22:05:00,2026-10-06 18:05:00,India,Carbon intensity,352.04998779296875,prediction
2026-10-05 22:05:00,2026-10-06 19:05:00,India,Carbon intensity,353.489990234375,prediction
2026-10-05 22:05:00,2026-10-06 20:05:00,India,Carbon intensity,356.32000732421875,prediction
2026-10-05 22:05:00,2026-10-06 21:05:00,India,Carbon intensity,353.9200134277344,prediction
2026-10-05 22:05:00,2026-10-06 22:05:00,India,Carbon intensity,350.0,prediction
2026-10-05 22:05:00,2026-10-05 23:05:00,India,Carbon intensity,353.70001220703125,prediction
2026-10-05 22:05:00,2026-10-06 00:05:00,India,Carbon intensity,350.0,prediction
2026-10-05 22:05:00,2026-10-06 01:05:00,India,Carbon intensity,350.4800109863281,prediction
2026-10-05 22:05:00,2026-10-06 02:05:00,India,Carbon intensity,351.3900146484375,prediction
2026-10-05 22:05:00,2026-10-06 03:05:00,India,Carbon intensity,351.2300109863281,prediction
2026-10-05 22:05:00,2026-10-06 04:05:00,India,Carbon intensity,354.3999938964844,prediction
2026-10-05 22:05:00,2026-10-06 05:05:00,India,Carbon intensity,350.0,prediction
2026-10-05 22:05:00,2026-10-06 06:05:00,India,Carbon intensity,350.25,prediction
2026-10-05 22:05:00,2026-10-06 07:05:00,India,Carbon intensity,355.739990234375,prediction
2026-10-05 22:05:00,2026-10-06 08:05:00,India,Carbon intensity,356.67999267578125,prediction
2026-10-05 22:05:00,2026-10-06 09:05:00,India,Carbon intensity,350.45001220703125,prediction
2026-10-05 22:05:00,2026-10-06 10:05:00,India,Carbon intensity,350.0,prediction
2026-10-05 22:05:00,2026-10-06 11:05:00,India,Carbon intensity,364.0199890136719,prediction
2026-10-05 22:05:00,2026-10-06 12:05:00,India,Carbon intensity,351.1700134277344,prediction
2026-10-05 22:05:00,2026-10-06 13:05:00,India,Carbon intensity,351.55999755859375,prediction
2026-10-05 22:05:00,2026-10-06 14:05:00,India,Carbon intensity,351.989990234375,prediction
2026-10-05 22:05:00,2026-10-06 15:05:00,India,Carbon intensity,350.0,prediction
2026-10-05 22:05:00,2026-10-06 16:05:00,India,Carbon intensity,350.0,prediction
2026-10-05 22:05:00,2026-10-06 17:05:00,India,Carbon intensity,351.75,prediction
2026-10-05 22:05:00,2026-10-06 18:05:00,India,Carbon intensity,352.760009765625,prediction
2026-10-05 22:05:00,2026-10-06 19:05:00,India,Carbon intensity,350.4800109863281,prediction
2026-10-05 22:05:00,2026-10-06 20:05:00,India,Carbon intensity,358.260009765625,prediction
2026-10-05 22:05:00,2026-10-06 21:05:00,India,Carbon intensity,350.0,prediction
2026-10-05 22:05:00,2026-10-06 22:05:00,India,Carbon intensity,353.6000061035156,prediction
2026-10-05 22:06:00,2026-10-05 23:06:00,India,Carbon intensity,357.239990234375,prediction
2026-10-05 22:06:00,2026-10-06 00:06:00,India,Carbon intensity,362.5,prediction
2026-10-05 22:06:00,2026-10-06 01:06:00,India,Carbon intensity,355.25,prediction
2026-10-05 22:06:00,2026-10-06 02:06:00,India,Carbon intensity,357.9100036621094,prediction
2026-10-05 22:06:00,2026-10-06 03:06:00,India,Carbon intensity,357.9599914550781,prediction
2026-10-05 22:06:00,2026-10-06 04:06:00,India,Carbon intensity,353.0299987792969,prediction
2026-10-05 22:06:00,2026-10-06 05:06:00,India,Carbon intensity,354.7200012207031,prediction
2026-10-05 22:06:00,2026-10-06 06:06:00,India,Carbon intensity,350.0,prediction
2026-10-05 22:06:00,2026-10-06 07:06:00,India,Carbon intensity,360.6600036621094,prediction
2026-10-05 22:06:00,2026-10-06 08:06:00,India,Carbon intensity,357.8399963378906,prediction
2026-10-05 22:06:00,2026-10-06 09:06:00,India,Carbon intensity,357.30999755859375,prediction
2026-10-05 22:06:00,2026-10-06 10:06:00,India,Carbon intensity,355.5199890136719,prediction
2026-10-05 22:06:00,2026-10-06 11:06:00,India,Carbon intensity,355.010009765625,prediction
2026-10-05 22:06:00,2026-10-06 12:06:00,India,Carbon intensity,361.04998779296875,prediction
2026-10-05 22:06:00,2026-10-06 13:06:00,India,Carbon intensity,353.6600036621094,prediction
2026-10-05 22:06:00,2026-10-06 14:06:00,India,Carbon intensity,356.2900085449219,prediction
2026-10-05 22:06:00,2026-10-06 15:06:00,India,Carbon intensity,353.55999755859375,prediction
2026-10-05 22:06:00,2026-10-06 16:06:00,India,Carbon intensity,367.7900085449219,prediction
2026-10-05 22:06:00,2026-10-06 17:06:00,India,Carbon intensity,352.20001220703125,prediction
2026-10-05 22:06:00,2026-10-06 18:06:00,India,Carbon intensity,352.04998779296875,prediction
2026-10-05 22:06:00,2026-10-06 19:06:00,India,Carbon intensity,353.489990234375,prediction
2026-10-05 22:06:00,2026-10-06 20:06:00,India,Carbon intensity,356.32000732421875,prediction
2026-10-05 22:06:00,2026-10-06 21:06:00,India,Carbon intensity,353.9200134277344,prediction
2026-10-05 22:06:00,2026-10-06 22:06:00,India,Carbon intensity,350.0,prediction
2026-10-05 22:06:00,2026-10-05 23:06:00,India,Carbon intensity,353.70001220703125,prediction
2026-10-05 22:06:00,2026-10-06 00:06:00,India,Carbon intensity,350.0,prediction
2026-10-05 22:06:00,2026-10-06 01:06:00,India,Carbon intensity,350.4800109863281,prediction
2026-10-05 22:06:00,2026-10-06 02:06:00,India,Carbon intensity,351.3900146484375,prediction
2026-10-05 22:06:00,2026-10-06 03:06:00,India,Carbon intensity,351.2300109863281,prediction
2026-10-05 22:06:00,2026-10-06 04:06:00,India,Carbon intensity,354.3999938964844,prediction
2026-10-05 22:06:00,2026-10-06 05:06:00,India,Carbon intensity,350.0,prediction
2026-10-05 22:06:00,2026-10-06 06:06:00,India,Carbon intensity,350.25,prediction
2026-10-05 22:06:00,2026-10-06 07:06:00,India,Carbon intensity,355.739990234375,prediction
2026-10-05 22:06:00,2026-10-06 08:06:00,India,Carbon intensity,356.67999267578125,prediction
2026-10-05 22:06:00,2026-10-06 09:06:00,India,Carbon intensity,350.45001220703125,prediction
2026-10-05 22:06:00,2026-10-06 10:06:00,India,Carbon intensity,350.0,prediction
2026-10-05 22:06:00,2026-10-06 11:06:00,India,Carbon intensity,364.0199890136719,prediction
2026-10-05 22:06:00,2026-10-06 12:06:00,India,Carbon intensity,351.1700134277344,prediction
2026-10-05 22:06:00,2026-10-06 13:06:00,India,Carbon intensity,351.55999755859375,prediction
2026-10-05 22:06:00,2026-10-06 14:06:00,India,Carbon intensity,351.989990234375,prediction
2026-10-05 22:06:00,2026-10-06 15:06:00,India,Carbon intensity,350.0,prediction
2026-10-05 22:06:00,2026-10-06 16:06:00,India,Carbon intensity,350.0,prediction
2026-10-05 22:06:00,2026-10-06 17:06:00,India,Carbon intensity,351.75,prediction
2026-10-05 22:06:00,2026-10-06 18:06:00,India,Carbon intensity,352.760009765625,prediction
2026-10-05 22:06:00,2026-10-06 19:06:00,India,Carbon intensity,350.4800109863281,prediction
2026-10-05 22:06:00,2026-10-06 20:06:00,India,Carbon intensity,358.260009765625,prediction
2026-10-05 22:06:00,2026-10-06 21:06:00,India,Carbon intensity,350.0,prediction
2026-10-05 22:06:00,2026-10-06 22:06:00,India,Carbon intensity,353.6000061035156,prediction
2026-10-05 22:15:00,2026-10-05 23:15:00,India,Carbon intensity,353.70001220703125,prediction
2026-10-05 22:15:00,2026-10-06 00:15:00,India,Carbon intensity,350.0,prediction
2026-10-05 22:15:00,2026-10-06 01:15:00,India,Carbon intensity,350.4800109863281,prediction
2026-10-05 22:15:00,2026-10-06 02:15:00,India,Carbon intensity,351.3900146484375,prediction
2026-10-05 22:15:00,2026-10-06 03:15:00,India,Carbon intensity,351.2300109863281,prediction
2026-10-05 22:15:00,2026-10-06 04:15:00,India,Carbon intensity,354.3999938964844,prediction
2026-10-05 22:15:00,2026-10-06 05:15:00,India,Carbon intensity,350.0,prediction
2026-10-05 22:15:00,2026-10-06 06:15:00,India,Carbon intensity,350.25,prediction
2026-10-05 22:15:00,2026-10-06 07:15:00,India,Carbon intensity,355.739990234375,prediction
2026-10-05 22:15:00,2026-10-06 08:15:00,India,Carbon intensity,356.67999267578125,prediction
2026-10-05 22:15:00,2026-10-06 09:15:00,India,Carbon intensity,350.45001220703125,prediction
2026-10-05 22:15:00,2026-10-06 10:15:00,India,Carbon intensity,350.0,prediction
2026-10-05 22:15:00,2026-10-06 11:15:00,India,Carbon intensity,364.0199890136719,prediction
2026-10-05 22:15:00,2026-10-06 12:15:00,India,Carbon intensity,351.1700134277344,prediction
2026-10-05 22:15:00,2026-10-06 13:15:00,India,Carbon intensity,351.55999755859375,prediction
2026-10-05 22:15:00,2026-10-06 14:15:00,India,Carbon intensity,351.989990234375,prediction
2026-10-05 22:15:00,2026-10-06 15:15:00,India,Carbon intensity,350.0,prediction
2026-10-05 22:15:00,2026-10-06 16:15:00,India,Carbon intensity,350.0,prediction
2026-10-05 22:15:00,2026-10-06 17:15:00,India,Carbon intensity,351.75,prediction
2026-10-05 22:15:00,2026-10-06 18:15:00,India,Carbon intensity,352.760009765625,prediction
2026-10-05 22:15:00,2026-10-06 19:15:00,India,Carbon intensity,350.4800109863281,prediction
2026-10-05 22:15:00,2026-10-06 20:15:00,India,Carbon intensity,358.260009765625,prediction
2026-10-05 22:15:00,2026-10-06 21:15:00,India,Carbon intensity,350.0,prediction
2026-10-05 22:15:00,2026-10-06 22:15:00,India,Carbon intensity,353.5899963378906,prediction
2026-10-05 22:15:00,2026-10-05 23:15:00,India,Carbon intensity,357.239990234375,prediction
2026-10-05 22:15:00,2026-10-06 00:15:00,India,Carbon intensity,362.5,prediction
2026-10-05 22:15:00,2026-10-06 01:15:00,India,Carbon intensity,355.25,prediction
2026-10-05 22:15:00,2026-10-06 02:15:00,India,Carbon intensity,357.9100036621094,prediction
2026-10-05 22:15:00,2026-10-06 03:15:00,India,Carbon intensity,357.9599914550781,prediction
2026-10-05 22:15:00,2026-10-06 04:15:00,India,Carbon intensity,353.0299987792969,prediction
2026-10-05 22:15:00,2026-10-06 05:15:00,India,Carbon intensity,354.7200012207031,prediction
2026-10-05 22:15:00,2026-10-06 06:15:00,India,Carbon intensity,350.0,prediction
2026-10-05 22:15:00,2026-10-06 07:15:00,India,Carbon intensity,360.6600036621094,prediction
2026-10-05 22:15:00,2026-10-06 08:15:00,India,Carbon intensity,357.8399963378906,prediction
2026-10-05 22:15:00,2026-10-06 09:15:00,India,Carbon intensity,357.30999755859375,prediction
2026-10-05 22:15:00,2026-10-06 10:15:00,India,Carbon intensity,355.5199890136719,prediction
2026-10-05 22:15:00,2026-10-06 11:15:00,India,Carbon intensity,355.010009765625,prediction
2026-10-05 22:15:00,2026-10-06 12:15:00,India,Carbon intensity,361.04998779296875,prediction
2026-10-05 22:15:00,2026-10-06 13:15:00,India,Carbon intensity,353.6600036621094,prediction
2026-10-05 22:15:00,2026-10-06 14:15:00,India,Carbon intensity,356.2900085449219,prediction
2026-10-05 22:15:00,2026-10-06 15:15:00,India,Carbon intensity,353.55999755859375,prediction
2026-10-05 22:15:00,2026-10-06 16:15:00,India,Carbon intensity,367.7900085449219,prediction
2026-10-05 22:15:00,2026-10-06 17:15:00,India,Carbon intensity,352.20001220703125,prediction
2026-10-05 22:15:00,2026-10-06 18:15:00,India,Carbon intensity,352.04998779296875,prediction
2026-10-05 22:15:00,2026-10-06 19:15:00,India,Carbon intensity,353.489990234375,prediction
2026-10-05 22:15:00,2026-10-06 20:15:00,India,Carbon intensity,356.32000732421875,prediction
2026-10-05 22:15:00,2026-10-06 21:15:00,India,Carbon intensity,353.9200134277344,prediction
2026-10-05 22:15:00,2026-10-06 22:15:00,India,Carbon intensity,350.0,prediction
2026-10-05 22:30:00,2026-10-05 23:30:00,India,Carbon intensity,357.239990234375,prediction
2026-10-05 22:30:00,2026-10-06 00:30:00,India,Carbon intensity,362.5,prediction
2026-10-05 22:30:00,2026-10-06 01:30:00,India,Carbon intensity,355.25,prediction
2026-10-05 22:30:00,2026-10-06 02:30:00,India,Carbon intensity,357.9100036621094,prediction
2026-10-05 22:30:00,2026-10-06 03:30:00,India,Carbon intensity,357.9599914550781,prediction
2026-10-05 22:30:00,2026-10-06 04:30:00,India,Carbon intensity,353.0299987792969,prediction
2026-10-05 22:30:00,2026-10-06 05:30:00,India,Carbon intensity,354.7200012207031,prediction
2026-10-05 22:30:00,2026-10-06 06:30:00,India,Carbon intensity,350.0,prediction
2026-10-05 22:30:00,2026-10-06 07:30:00,India,Carbon intensity,360.6600036621094,prediction
2026-10-05 22:30:00,2026-10-06 08:30:00,India,Carbon intensity,357.8399963378906,prediction
2026-10-05 22:30:00,2026-10-06 09:30:00,India,Carbon intensity,357.30999755859375,prediction
2026-10-05 22:30:00,2026-10-06 10:30:00,India,Carbon intensity,355.5199890136719,prediction
2026-10-05 22:30:00,2026-10-06 11:30:00,India,Carbon intensity,355.010009765625,prediction
2026-10-05 22:30:00,2026-10-06 12:30:00,India,Carbon intensity,361.04998779296875,prediction
2026-10-05 22:30:00,2026-10-06 13:30:00,India,Carbon intensity,353.6600036621094,prediction
2026-10-05 22:30:00,2026-10-06 14:30:00,India,Carbon intensity,356.2900085449219,prediction
2026-10-05 22:30:00,2026-10-06 15:30:00,India,Carbon intensity,353.55999755859375,prediction
2026-10-05 22:30:00,2026-10-06 16:30:00,India,Carbon intensity,367.7900085449219,prediction
2026-10-05 22:30:00,2026-10-06 17:30:00,India,Carbon intensity,352.20001220703125,prediction
2026-10-05 22:30:00,2026-10-06 18:30:00,India,Carbon intensity,352.04998779296875,prediction
2026-10-05 22:30:00,2026-10-06 19:30:00,India,Carbon intensity,353.489990234375,prediction
2026-10-05 22:30:00,2026-10-06 20:30:00,India,Carbon intensity,356.32000732421875,prediction
2026-10-05 22:30:00,2026-10-06 21:30:00,India,Carbon intensity,353.9200134277344,prediction
2026-10-05 22:30:00,2026-10-06 22:30:00,India,Carbon intensity,350.0,prediction
2026-10-05 22:30:00,2026-10-05 23:30:00,India,Carbon intensity,353.70001220703125,prediction
2026-10-05 22:30:00,2026-10-06 00:30:00,India,Carbon intensity,350.0,prediction
2026-10-05 22:30:00,2026-10-06 01:30:00,India,Carbon intensity,350.4800109863281,prediction
2026-10-05 22:30:00,2026-10-06 02:30:00,India,Carbon intensity,351.3900146484375,prediction
2026-10-05 22:30:00,2026-10-06 03:30:00,India,Carbon intensity,351.2300109863281,prediction
2026-10-05 22:30:00,2026-10-06 04:30:00,India,Carbon intensity,354.3999938964844,prediction
2026-10-05 22:30:00,2026-10-06 05:30:00,India,Carbon intensity,350.0,prediction
2026-10-05 22:30:00,2026-10-06 06:30:00,India,Carbon intensity,350.25,prediction
2026-10-05 22:30:00,2026-10-06 07:30:00,India,Carbon intensity,355.739990234375,prediction
2026-10-05 22:30:00,2026-10-06 08:30:00,India,Carbon intensity,356.67999267578125,prediction
2026-10-05 22:30:00,2026-10-06 09:30:00,India,Carbon intensity,350.45001220703125,prediction
2026-10-05 22:30:00,2026-10-06 10:30:00,India,Carbon intensity,350.0,prediction
2026-10-05 22:30:00,2026-10-06 11:30:00,India,Carbon intensity,364.0199890136719,prediction
2026-10-05 22:30:00,2026-10-06 12:30:00,India,Carbon intensity,351.1700134277344,prediction
2026-10-05 22:30:00,2026-10-06 13:30:00,India,Carbon intensity,351.55999755859375,prediction
2026-10-05 22:30:00,2026-10-06 14:30:00,India,Carbon intensity,351.989990234375,prediction
2026-10-05 22:30:00,2026-10-06 15:30:00,India,Carbon intensity,350.0,prediction
2026-10-05 22:30:00,2026-10-06 16:30:00,India,Carbon intensity,350.0,prediction
2026-10-05 22:30:00,2026-10-06 17:30:00,India,Carbon intensity,351.75,prediction
2026-10-05 22:30:00,2026-10-06 18:30:00,India,Carbon intensity,352.760009765625,prediction
2026-10-05 22:30:00,2026-10-06 19:30:00,India,Carbon intensity,350.4800109863281,prediction
2026-10-05 22:30:00,2026-10-06 20:30:00,India,Carbon intensity,358.260009765625,prediction
2026-10-05 22:30:00,2026-10-06 21:30:00,India,Carbon intensity,350.0,prediction
2026-10-05 22:30:00,2026-10-06 22:30:00,India,Carbon intensity,353.5899963378906,prediction
